scenario_id,num_steps,total_turnover,total_inflow,total_outflow,net_turnover,outflow_to_inflow_ratio,fees_total,fees_ratio,incoming_transfer_sum,incoming_transfer_count,crypto_exchange_inflow_sum,foreign_bank_inflow_sum,primary_incoming_source,primary_sender_relationship,cash_inflow_sum,cash_outflow_sum,cash_turnover_ratio,anonymous_recipient_turnover,anonymous_recipient_ratio,night_operations_count,night_operations_ratio,rapid_velocity_count,rapid_velocity_ratio,avg_step_amount,max_step_amount,std_step_amount,max_frequency_single_step,repeated_amount_count,rapid_credit_to_debit_count,unique_channels_count,unique_cards_count,primary_channel,primary_category,most_frequent_card,has_cash,target_risk_score,target_risk_label,target_is_suspicious,scenario_archetype
scen_0001,2,59256.0,20000.0,39256.0,-19256.0,1.9628,392.56,0.0066,0.0,0,0.0,0.0,none,none,0.0,39256.0,0.6625,0.0,0.0,0,0.0,1,0.5,29628.0,39256.0,9628.0,1,0,1,1,2,atm,salary,salary,1,24.46,review,0,retail
scen_0002,12,516952.0,25000.0,491952.0,-466952.0,19.6781,2746.19,0.0053,0.0,0,0.0,0.0,none,none,0.0,57287.0,0.1108,0.0,0.0,0,0.0,2,0.1667,43079.33,70217.0,14230.31,1,0,1,2,3,mobile,transfer,card_transfer,1,15.72,normal,0,retail
scen_0003,2,39116.0,20000.0,19116.0,884.0,0.9558,95.58,0.0024,0.0,0,0.0,0.0,none,none,0.0,0.0,0.0,0.0,0.0,0,0.0,0,0.0,19558.0,20000.0,442.0,1,0,1,1,2,mobile,salary,salary,0,12.96,normal,0,transfer_burst
scen_0004,2,71168.0,47930.0,23238.0,24692.0,0.4848,232.38,0.0033,47930.0,1,0.0,0.0,domestic_bank,anonymous_new_account,0.0,23238.0,0.3265,0.0,0.0,0,0.0,0,0.0,35584.0,47930.0,12346.0,1,0,0,2,2,bank,incoming_transfer,incoming_transfer,1,24.06,review,0,rapid_cash_out
scen_0005,12,609003.0,59735.0,549268.0,-489533.0,9.1951,2746.32,0.0045,59735.0,1,59735.0,0.0,crypto_exchange,regular_sender,0.0,0.0,0.0,0.0,0.0,0,0.0,3,0.25,50750.25,75435.0,11686.81,1,0,0,2,2,mobile,transfer,card_transfer,0,17.74,normal,0,incoming_series
scen_0006,2,96155.0,30000.0,66155.0,-36155.0,2.2052,330.78,0.0034,0.0,0,0.0,0.0,none,none,0.0,0.0,0.0,0.0,0.0,0,0.0,1,0.5,48077.5,66155.0,18077.5,1,0,1,1,2,mobile,salary,salary,0,21.81,review,0,transfer_burst
scen_0007,7,299516.0,30033.0,269483.0,-239450.0,8.9729,1347.41,0.0045,30033.0,1,0.0,30033.0,foreign_bank_kg,regular_sender,0.0,0.0,0.0,0.0,0.0,0,0.0,5,0.7143,42788.0,71348.0,21911.03,1,0,1,2,2,mobile,transfer,card_transfer,0,25.13,review,0,incoming_series
scen_0008,12,579394.0,30000.0,549394.0,-519394.0,18.3131,4249.34,0.0073,0.0,0,0.0,0.0,none,none,0.0,300473.0,0.5186,0.0,0.0,0,0.0,4,0.3333,48282.83,88504.0,25405.88,1,0,1,3,3,atm,cash,cash_withdrawal,1,20.91,review,0,retail
scen_0009,2,159849.0,79163.0,80686.0,-1523.0,1.0192,806.86,0.005,79163.0,1,0.0,0.0,payment_service,anonymous_new_account,0.0,80686.0,0.5048,0.0,0.0,0,0.0,1,0.5,79924.5,80686.0,761.5,1,0,1,2,2,bank,incoming_transfer,incoming_transfer,1,41.0,suspicious,1,rapid_cash_out
scen_0010,2,88944.0,30000.0,58944.0,-28944.0,1.9648,294.72,0.0033,0.0,0,0.0,0.0,none,none,0.0,0.0,0.0,0.0,0.0,0,0.0,0,0.0,44472.0,58944.0,14472.0,1,0,1,1,2,mobile,salary,salary,0,17.94,normal,0,transfer_burst
scen_0011,3,97417.0,18392.0,79025.0,-60633.0,4.2967,395.12,0.0041,18392.0,1,18392.0,0.0,crypto_exchange,anonymous_new_account,0.0,0.0,0.0,0.0,0.0,0,0.0,1,0.3333,32472.33,40161.0,9970.37,1,0,1,2,2,mobile,transfer,card_transfer,0,29.25,review,0,incoming_series
scen_0012,13,607638.0,20000.0,587638.0,-567638.0,29.3819,4025.14,0.0066,0.0,0,0.0,0.0,none,none,0.0,217391.0,0.3578,0.0,0.0,0,0.0,2,0.1538,46741.38,71993.0,20313.93,1,0,1,3,3,mobile,transfer,card_transfer,1,14.75,normal,0,retail
scen_0013,9,454363.0,25000.0,429363.0,-404363.0,17.1745,2735.48,0.006,0.0,0,0.0,0.0,none,none,0.0,117735.0,0.2591,0.0,0.0,0,0.0,1,0.1111,50484.78,82845.0,20977.28,1,0,1,2,3,mobile,transfer,card_transfer,1,14.38,normal,0,retail
scen_0014,11,413809.0,30000.0,383809.0,-353809.0,12.7936,2226.92,0.0054,0.0,0,0.0,0.0,none,none,0.0,61573.0,0.1488,0.0,0.0,0,0.0,5,0.4545,37619.0,78522.0,17289.88,1,0,0,2,3,mobile,transfer,card_transfer,1,18.85,normal,0,retail
scen_0015,2,44508.0,25000.0,19508.0,5492.0,0.7803,97.54,0.0022,0.0,0,0.0,0.0,none,none,0.0,0.0,0.0,0.0,0.0,0,0.0,0,0.0,22254.0,25000.0,2746.0,1,0,1,1,2,mobile,salary,salary,0,13.22,normal,0,transfer_burst
scen_0016,11,471019.0,30676.0,440343.0,-409667.0,14.3546,2201.71,0.0047,30676.0,1,0.0,0.0,payment_service,regular_sender,0.0,0.0,0.0,0.0,0.0,0,0.0,5,0.4545,42819.91,79329.0,15494.78,1,0,1,2,2,mobile,transfer,card_transfer,0,21.1,review,0,incoming_series
scen_0017,2,67914.0,25000.0,42914.0,-17914.0,1.7166,214.57,0.0032,0.0,0,0.0,0.0,none,none,0.0,0.0,0.0,0.0,0.0,0,0.0,0,0.0,33957.0,42914.0,8957.0,1,0,1,1,2,mobile,salary,salary,0,14.4,normal,0,transfer_burst
scen_0018,12,487720.0,20000.0,467720.0,-447720.0,23.386,3828.74,0.0079,0.0,0,0.0,0.0,none,none,0.0,298029.0,0.6111,0.0,0.0,0,0.0,4,0.3333,40643.33,99399.0,25734.21,1,0,1,3,3,mobile,cash,cash_withdrawal,1,20.4,review,0,retail
scen_0019,4,107099.0,25000.0,82099.0,-57099.0,3.284,640.2,0.006,0.0,0,0.0,0.0,none,none,0.0,45941.0,0.429,0.0,0.0,0,0.0,0,0.0,26774.75,36158.0,7823.32,1,0,1,3,3,atm,cash,cash_withdrawal,1,15.93,normal,0,retail
scen_0020,2,59219.0,20000.0,39219.0,-19219.0,1.9609,196.1,0.0033,0.0,0,0.0,0.0,none,none,0.0,0.0,0.0,0.0,0.0,0,0.0,0,0.0,29609.5,39219.0,9609.5,1,0,1,1,2,mobile,salary,salary,0,13.96,normal,0,transfer_burst
scen_0021,2,99610.0,53025.0,46585.0,6440.0,0.8785,465.85,0.0047,53025.0,1,53025.0,0.0,crypto_exchange,anonymous_new_account,0.0,46585.0,0.4677,0.0,0.0,0,0.0,1,0.5,49805.0,53025.0,3220.0,1,0,1,2,2,bank,incoming_transfer,incoming_transfer,1,41.98,suspicious,1,rapid_cash_out
scen_0022,12,596245.0,67199.0,529046.0,-461847.0,7.8728,2645.23,0.0044,67199.0,1,0.0,0.0,domestic_bank,anonymous_established_account,0.0,0.0,0.0,0.0,0.0,0,0.0,7,0.5833,49687.08,78146.0,17851.69,1,0,0,2,2,mobile,transfer,card_transfer,0,22.13,review,0,incoming_series
scen_0023,7,314967.0,32810.0,282157.0,-249347.0,8.5997,1410.77,0.0045,32810.0,1,32810.0,0.0,crypto_exchange,anonymous_established_account,0.0,0.0,0.0,0.0,0.0,0,0.0,2,0.2857,44995.29,67905.0,18739.59,1,0,0,2,2,mobile,transfer,card_transfer,0,20.5,review,0,incoming_series
scen_0024,14,711502.0,72277.0,639225.0,-566948.0,8.8441,3196.1,0.0045,72277.0,1,0.0,0.0,domestic_bank,anonymous_established_account,0.0,0.0,0.0,0.0,0.0,0,0.0,6,0.4286,50821.57,77889.0,21455.42,1,0,1,2,2,mobile,transfer,card_transfer,0,18.87,normal,0,incoming_series
scen_0025,2,101162.0,25000.0,76162.0,-51162.0,3.0465,380.81,0.0038,0.0,0,0.0,0.0,none,none,0.0,0.0,0.0,0.0,0.0,0,0.0,0,0.0,50581.0,76162.0,25581.0,1,0,1,1,2,mobile,salary,salary,0,16.06,normal,0,transfer_burst
scen_0026,4,224935.0,42406.0,182529.0,-140123.0,4.3043,912.64,0.0041,42406.0,1,42406.0,0.0,crypto_exchange,regular_sender,0.0,0.0,0.0,0.0,0.0,0,0.0,1,0.25,56233.75,73517.0,14505.41,1,0,1,2,2,mobile,transfer,card_transfer,0,22.38,review,0,incoming_series
scen_0027,2,79020.0,25000.0,54020.0,-29020.0,2.1608,270.1,0.0034,0.0,0,0.0,0.0,none,none,0.0,0.0,0.0,0.0,0.0,0,0.0,0,0.0,39510.0,54020.0,14510.0,1,0,1,1,2,mobile,salary,salary,0,17.45,normal,0,transfer_burst
scen_0028,4,162448.0,30000.0,132448.0,-102448.0,4.4149,984.13,0.0061,0.0,0,0.0,0.0,none,none,0.0,64377.0,0.3963,0.0,0.0,0,0.0,1,0.25,40612.0,64377.0,14106.83,1,0,1,2,3,mobile,transfer,card_transfer,1,16.81,normal,0,retail
scen_0029,8,347534.0,10772.0,336762.0,-325990.0,31.2627,1683.8,0.0048,10772.0,1,10772.0,0.0,crypto_exchange,anonymous_established_account,0.0,0.0,0.0,0.0,0.0,0,0.0,2,0.25,43441.75,67125.0,20483.07,1,0,1,2,2,mobile,transfer,card_transfer,0,21.1,review,0,incoming_series
scen_0030,2,114308.0,26728.0,87580.0,-60852.0,3.2767,875.8,0.0077,26728.0,1,0.0,0.0,domestic_bank,anonymous_established_account,0.0,87580.0,0.7662,0.0,0.0,0,0.0,0,0.0,57154.0,87580.0,30426.0,1,0,1,2,2,bank,incoming_transfer,incoming_transfer,1,26.22,review,0,rapid_cash_out
scen_0031,4,194373.0,44099.0,150274.0,-106175.0,3.4077,751.37,0.0039,44099.0,1,0.0,0.0,payment_service,anonymous_established_account,0.0,0.0,0.0,0.0,0.0,0,0.0,0,0.0,48593.25,59692.0,8354.12,1,0,1,2,2,mobile,transfer,card_transfer,0,23.11,review,0,incoming_series
scen_0032,6,166264.0,39389.0,126875.0,-87486.0,3.2211,634.38,0.0038,39389.0,1,0.0,0.0,domestic_bank,regular_sender,0.0,0.0,0.0,0.0,0.0,0,0.0,1,0.1667,27710.67,42411.0,11103.87,1,0,0,2,2,mobile,transfer,card_transfer,0,14.44,normal,0,incoming_series
scen_0033,11,580917.0,25000.0,555917.0,-530917.0,22.2367,4049.86,0.007,0.0,0,0.0,0.0,none,none,0.0,254054.0,0.4373,0.0,0.0,0,0.0,2,0.1818,52810.64,92213.0,24057.42,1,0,1,3,3,mobile,transfer,card_transfer,1,18.83,normal,0,retail
scen_0034,2,55052.0,25000.0,30052.0,-5052.0,1.2021,150.26,0.0027,0.0,0,0.0,0.0,none,none,0.0,0.0,0.0,0.0,0.0,0,0.0,0,0.0,27526.0,30052.0,2526.0,1,0,1,1,2,mobile,salary,salary,0,16.26,normal,0,transfer_burst
scen_0035,2,158925.0,78386.0,80539.0,-2153.0,1.0275,805.39,0.0051,78386.0,1,78386.0,0.0,crypto_exchange,regular_sender,0.0,80539.0,0.5068,0.0,0.0,0,0.0,0,0.0,79462.5,80539.0,1076.5,1,0,1,2,2,bank,incoming_transfer,incoming_transfer,1,27.44,review,0,rapid_cash_out
scen_0036,13,578901.0,52600.0,526301.0,-473701.0,10.0057,2631.53,0.0045,52600.0,1,0.0,52600.0,foreign_bank_kg,anonymous_established_account,0.0,0.0,0.0,0.0,0.0,0,0.0,6,0.4615,44530.85,74332.0,18367.18,1,0,1,2,2,mobile,transfer,card_transfer,0,21.91,review,0,incoming_series
scen_0037,2,66890.0,25000.0,41890.0,-16890.0,1.6756,209.45,0.0031,0.0,0,0.0,0.0,none,none,0.0,0.0,0.0,0.0,0.0,0,0.0,0,0.0,33445.0,41890.0,8445.0,1,0,1,1,2,mobile,salary,salary,0,16.84,normal,0,transfer_burst
scen_0038,2,109588.0,30000.0,79588.0,-49588.0,2.6529,397.94,0.0036,0.0,0,0.0,0.0,none,none,0.0,0.0,0.0,0.0,0.0,0,0.0,0,0.0,54794.0,79588.0,24794.0,1,0,1,1,2,mobile,salary,salary,0,16.48,normal,0,transfer_burst
scen_0039,13,546796.0,35105.0,511691.0,-476586.0,14.576,2558.46,0.0047,35105.0,1,0.0,35105.0,foreign_bank_kg,regular_sender,0.0,0.0,0.0,0.0,0.0,0,0.0,4,0.3077,42061.23,78765.0,20908.08,1,0,1,2,2,mobile,transfer,card_transfer,0,18.9,normal,0,incoming_series
scen_0040,11,627345.0,20000.0,607345.0,-587345.0,30.3672,5319.0,0.0085,0.0,0,0.0,0.0,none,none,0.0,456455.0,0.7276,0.0,0.0,0,0.0,3,0.2727,57031.36,87139.0,23722.77,1,0,1,3,3,atm,cash,cash_withdrawal,1,20.34,review,0,retail
scen_0041,2,53423.0,20641.0,32782.0,-12141.0,1.5882,327.82,0.0061,20641.0,1,0.0,20641.0,foreign_bank_kg,anonymous_new_account,0.0,32782.0,0.6136,0.0,0.0,0,0.0,0,0.0,26711.5,32782.0,6070.5,1,0,1,2,2,bank,incoming_transfer,incoming_transfer,1,31.67,review,0,rapid_cash_out
scen_0042,8,340805.0,30000.0,310805.0,-280805.0,10.3602,2785.51,0.0082,0.0,0,0.0,0.0,none,none,0.0,246296.0,0.7227,0.0,0.0,0,0.0,4,0.5,42600.62,87304.0,22120.32,1,0,1,3,3,atm,cash,cash_withdrawal,1,23.64,review,0,retail
scen_0043,2,77828.0,30000.0,47828.0,-17828.0,1.5943,239.14,0.0031,0.0,0,0.0,0.0,none,none,0.0,0.0,0.0,0.0,0.0,0,0.0,0,0.0,38914.0,47828.0,8914.0,1,0,1,1,2,mobile,salary,salary,0,17.39,normal,0,transfer_burst
scen_0044,9,481974.0,30000.0,451974.0,-421974.0,15.0658,4015.14,0.0083,0.0,0,0.0,0.0,none,none,0.0,351054.0,0.7284,0.0,0.0,0,0.0,4,0.4444,53552.67,85392.0,21016.71,1,0,1,3,3,atm,cash,cash_withdrawal,1,23.8,review,0,retail
scen_0045,2,77081.0,25000.0,52081.0,-27081.0,2.0832,260.4,0.0034,0.0,0,0.0,0.0,none,none,0.0,0.0,0.0,0.0,0.0,0,0.0,1,0.5,38540.5,52081.0,13540.5,1,0,1,1,2,mobile,salary,salary,0,23.36,review,0,transfer_burst
scen_0046,4,187879.0,25000.0,162879.0,-137879.0,6.5152,1628.79,0.0087,0.0,0,0.0,0.0,none,none,0.0,162879.0,0.8669,0.0,0.0,0,0.0,1,0.25,46969.75,96846.0,31712.47,1,0,1,1,2,branch,cash,cash_withdrawal,1,18.94,normal,0,retail
scen_0047,14,647566.0,25000.0,622566.0,-597566.0,24.9026,5029.56,0.0078,0.0,0,0.0,0.0,none,none,0.0,383344.0,0.592,0.0,0.0,0,0.0,5,0.3571,46254.71,89806.0,24246.87,1,0,1,3,3,mobile,cash,cash_withdrawal,1,21.48,review,0,retail
scen_0048,2,122758.0,46208.0,76550.0,-30342.0,1.6566,765.5,0.0062,46208.0,1,0.0,0.0,payment_service,anonymous_established_account,0.0,76550.0,0.6236,0.0,0.0,0,0.0,0,0.0,61379.0,76550.0,15171.0,1,0,1,2,2,bank,incoming_transfer,incoming_transfer,1,27.14,review,0,rapid_cash_out
scen_0049,2,99178.0,25000.0,74178.0,-49178.0,2.9671,370.89,0.0037,0.0,0,0.0,0.0,none,none,0.0,0.0,0.0,0.0,0.0,0,0.0,0,0.0,49589.0,74178.0,24589.0,1,0,1,1,2,mobile,salary,salary,0,13.46,normal,0,transfer_burst
scen_0050,10,545065.0,40613.0,504452.0,-463839.0,12.4209,2522.26,0.0046,40613.0,1,0.0,0.0,payment_service,anonymous_new_account,0.0,0.0,0.0,0.0,0.0,0,0.0,3,0.3,54506.5,78937.0,19848.97,1,0,1,2,2,mobile,transfer,card_transfer,0,20.65,review,0,incoming_series
scen_0051,13,548129.0,30000.0,518129.0,-488129.0,17.271,4131.7,0.0075,0.0,0,0.0,0.0,none,none,0.0,308210.0,0.5623,0.0,0.0,0,0.0,3,0.2308,42163.77,99364.0,24024.61,1,0,1,3,3,mobile,cash,cash_withdrawal,1,19.06,normal,0,retail
scen_0052,11,573018.0,47700.0,525318.0,-477618.0,11.013,2626.6,0.0046,47700.0,1,0.0,47700.0,foreign_bank_kg,anonymous_new_account,0.0,0.0,0.0,0.0,0.0,0,0.0,5,0.4545,52092.55,67898.0,11719.49,1,0,1,2,2,mobile,transfer,card_transfer,0,23.12,review,0,incoming_series
scen_0053,2,91879.0,30000.0,61879.0,-31879.0,2.0626,309.4,0.0034,0.0,0,0.0,0.0,none,none,0.0,0.0,0.0,0.0,0.0,0,0.0,0,0.0,45939.5,61879.0,15939.5,1,0,1,1,2,mobile,salary,salary,0,15.6,normal,0,transfer_burst
scen_0054,11,537320.0,30000.0,507320.0,-477320.0,16.9107,3865.76,0.0072,0.0,0,0.0,0.0,none,none,0.0,265833.0,0.4947,0.0,0.0,0,0.0,4,0.3636,48847.27,75771.0,17761.54,1,0,0,3,3,mobile,transfer,card_transfer,1,20.16,review,0,retail
scen_0055,2,91385.0,20000.0,71385.0,-51385.0,3.5692,356.92,0.0039,0.0,0,0.0,0.0,none,none,0.0,0.0,0.0,0.0,0.0,0,0.0,0,0.0,45692.5,71385.0,25692.5,1,0,1,1,2,mobile,salary,salary,0,13.07,normal,0,transfer_burst
scen_0056,2,97513.0,39571.0,57942.0,-18371.0,1.4643,579.42,0.0059,39571.0,1,0.0,0.0,payment_service,regular_sender,0.0,57942.0,0.5942,0.0,0.0,0,0.0,0,0.0,48756.5,57942.0,9185.5,1,0,1,2,2,bank,incoming_transfer,incoming_transfer,1,30.38,review,0,rapid_cash_out
scen_0057,6,310288.0,30000.0,280288.0,-250288.0,9.3429,2509.43,0.0081,0.0,0,0.0,0.0,none,none,0.0,221599.0,0.7142,0.0,0.0,0,0.0,3,0.5,51714.67,98452.0,28015.74,1,0,1,3,3,atm,cash,cash_withdrawal,1,24.34,review,0,retail
scen_0058,3,80872.0,14877.0,65995.0,-51118.0,4.436,329.98,0.0041,14877.0,1,14877.0,0.0,crypto_exchange,anonymous_established_account,0.0,0.0,0.0,0.0,0.0,0,0.0,1,0.3333,26957.33,40775.0,10643.94,1,0,1,2,2,mobile,transfer,card_transfer,0,26.7,review,0,incoming_series
scen_0059,2,150263.0,69459.0,80804.0,-11345.0,1.1633,808.04,0.0054,69459.0,1,69459.0,0.0,crypto_exchange,regular_sender,0.0,80804.0,0.5378,0.0,0.0,0,0.0,1,0.5,75131.5,80804.0,5672.5,1,0,1,2,2,bank,incoming_transfer,incoming_transfer,1,33.02,review,0,rapid_cash_out
scen_0060,2,86470.0,22978.0,63492.0,-40514.0,2.7632,634.92,0.0073,22978.0,1,0.0,0.0,payment_service,regular_sender,0.0,63492.0,0.7343,0.0,0.0,0,0.0,0,0.0,43235.0,63492.0,20257.0,1,0,1,2,2,bank,incoming_transfer,incoming_transfer,1,21.82,review,0,rapid_cash_out
scen_0061,2,93287.0,25000.0,68287.0,-43287.0,2.7315,341.44,0.0037,0.0,0,0.0,0.0,none,none,0.0,0.0,0.0,0.0,0.0,0,0.0,0,0.0,46643.5,68287.0,21643.5,1,0,1,1,2,mobile,salary,salary,0,13.16,normal,0,transfer_burst
scen_0062,2,88147.0,30000.0,58147.0,-28147.0,1.9382,290.74,0.0033,0.0,0,0.0,0.0,none,none,0.0,0.0,0.0,0.0,0.0,0,0.0,1,0.5,44073.5,58147.0,14073.5,1,0,1,1,2,mobile,salary,salary,0,23.9,review,0,transfer_burst
scen_0063,2,71160.0,25000.0,46160.0,-21160.0,1.8464,230.8,0.0032,0.0,0,0.0,0.0,none,none,0.0,0.0,0.0,0.0,0.0,0,0.0,0,0.0,35580.0,46160.0,10580.0,1,0,1,1,2,mobile,salary,salary,0,14.56,normal,0,transfer_burst
scen_0064,9,268496.0,20000.0,248496.0,-228496.0,12.4248,1387.3,0.0052,0.0,0,0.0,0.0,none,none,0.0,28964.0,0.1079,0.0,0.0,0,0.0,3,0.3333,29832.89,53064.0,13378.75,1,0,1,2,3,mobile,transfer,card_transfer,1,17.54,normal,0,retail
scen_0065,7,319430.0,20000.0,299430.0,-279430.0,14.9715,1743.1,0.0055,0.0,0,0.0,0.0,none,none,0.0,49189.0,0.154,0.0,0.0,0,0.0,4,0.5714,45632.86,77271.0,22371.95,1,0,1,3,3,mobile,transfer,card_transfer,1,22.71,review,0,retail
scen_0066,13,670604.0,25000.0,645604.0,-620604.0,25.8242,5051.25,0.0075,0.0,0,0.0,0.0,none,none,0.0,364646.0,0.5438,0.0,0.0,0,0.0,3,0.2308,51584.92,89730.0,21385.97,1,0,1,3,3,mobile,cash,cash_withdrawal,1,20.08,review,0,retail
scen_0067,2,93351.0,72163.0,21188.0,50975.0,0.2936,211.88,0.0023,72163.0,1,0.0,0.0,domestic_bank,anonymous_new_account,0.0,21188.0,0.227,0.0,0.0,0,0.0,0,0.0,46675.5,72163.0,25487.5,1,0,0,2,2,bank,incoming_transfer,incoming_transfer,1,25.67,review,0,rapid_cash_out
scen_0068,13,739085.0,20000.0,719085.0,-699085.0,35.9543,6303.13,0.0085,0.0,0,0.0,0.0,none,none,0.0,541541.0,0.7327,0.0,0.0,0,0.0,3,0.2308,56852.69,96223.0,28834.48,1,0,1,3,3,branch,cash,cash_withdrawal,1,18.91,normal,0,retail
scen_0069,2,93549.0,14018.0,79531.0,-65513.0,5.6735,795.31,0.0085,14018.0,1,0.0,0.0,domestic_bank,regular_sender,0.0,79531.0,0.8502,0.0,0.0,0,0.0,0,0.0,46774.5,79531.0,32756.5,1,0,1,2,2,bank,incoming_transfer,incoming_transfer,1,24.18,review,0,rapid_cash_out
scen_0070,9,455653.0,30632.0,425021.0,-394389.0,13.8751,2125.11,0.0047,30632.0,1,0.0,0.0,domestic_bank,regular_sender,0.0,0.0,0.0,0.0,0.0,0,0.0,1,0.1111,50628.11,77154.0,19868.12,1,0,0,2,2,mobile,transfer,card_transfer,0,15.17,normal,0,incoming_series
scen_0071,10,439361.0,27987.0,411374.0,-383387.0,14.6988,2056.86,0.0047,27987.0,1,27987.0,0.0,crypto_exchange,anonymous_established_account,0.0,0.0,0.0,0.0,0.0,0,0.0,3,0.3,43936.1,79806.0,21925.33,1,0,1,2,2,mobile,transfer,card_transfer,0,19.89,normal,0,incoming_series
scen_0072,9,460536.0,20000.0,440536.0,-420536.0,22.0268,3870.02,0.0084,0.0,0,0.0,0.0,none,none,0.0,333468.0,0.7241,0.0,0.0,0,0.0,2,0.2222,51170.67,91018.0,24971.76,1,0,1,3,3,branch,cash,cash_withdrawal,1,20.78,review,0,retail
scen_0073,10,506106.0,20000.0,486106.0,-466106.0,24.3053,3261.05,0.0064,0.0,0,0.0,0.0,none,none,0.0,166102.0,0.3282,0.0,0.0,0,0.0,6,0.6,50610.6,74764.0,19874.46,1,0,1,3,3,mobile,transfer,card_transfer,1,22.56,review,0,retail
scen_0074,7,448068.0,25000.0,423068.0,-398068.0,16.9227,3457.48,0.0077,0.0,0,0.0,0.0,none,none,0.0,268428.0,0.5991,0.0,0.0,0,0.0,2,0.2857,64009.71,94497.0,25926.54,1,0,1,3,3,mobile,transfer,card_transfer,1,20.97,review,0,retail
scen_0075,2,90103.0,69050.0,21053.0,47997.0,0.3049,210.53,0.0023,69050.0,1,0.0,0.0,domestic_bank,anonymous_established_account,0.0,21053.0,0.2337,0.0,0.0,0,0.0,0,0.0,45051.5,69050.0,23998.5,1,0,0,2,2,bank,incoming_transfer,incoming_transfer,1,20.0,review,0,rapid_cash_out
scen_0076,2,145894.0,67377.0,78517.0,-11140.0,1.1653,785.17,0.0054,67377.0,1,0.0,0.0,payment_service,regular_sender,0.0,78517.0,0.5382,0.0,0.0,0,0.0,0,0.0,72947.0,78517.0,5570.0,1,0,1,2,2,bank,incoming_transfer,incoming_transfer,1,27.8,review,0,rapid_cash_out
scen_0077,2,88578.0,25000.0,63578.0,-38578.0,2.5431,317.89,0.0036,0.0,0,0.0,0.0,none,none,0.0,0.0,0.0,0.0,0.0,0,0.0,0,0.0,44289.0,63578.0,19289.0,1,0,1,1,2,mobile,salary,salary,0,15.43,normal,0,transfer_burst
scen_0078,14,785750.0,30000.0,755750.0,-725750.0,25.1917,6618.32,0.0084,0.0,0,0.0,0.0,none,none,0.0,567913.0,0.7228,0.0,0.0,0,0.0,4,0.2857,56125.0,97878.0,28148.33,1,0,1,3,3,branch,cash,cash_withdrawal,1,19.97,normal,0,retail
scen_0079,2,57176.0,30000.0,27176.0,2824.0,0.9059,135.88,0.0024,0.0,0,0.0,0.0,none,none,0.0,0.0,0.0,0.0,0.0,0,0.0,1,0.5,28588.0,30000.0,1412.0,1,0,1,1,2,mobile,salary,salary,0,22.36,review,0,transfer_burst
scen_0080,4,213594.0,67366.0,146228.0,-78862.0,2.1706,731.13,0.0034,67366.0,1,0.0,0.0,domestic_bank,anonymous_established_account,0.0,0.0,0.0,0.0,0.0,0,0.0,2,0.5,53398.5,67366.0,10013.66,1,0,1,2,2,mobile,transfer,card_transfer,0,26.59,review,0,incoming_series
scen_0081,5,282109.0,58213.0,223896.0,-165683.0,3.8462,1119.48,0.004,58213.0,1,0.0,0.0,payment_service,anonymous_established_account,0.0,0.0,0.0,0.0,0.0,0,0.0,2,0.4,56421.8,75916.0,13818.12,1,0,1,2,2,mobile,transfer,card_transfer,0,24.44,review,0,incoming_series
scen_0082,2,99523.0,16839.0,82684.0,-65845.0,4.9103,826.84,0.0083,16839.0,1,0.0,0.0,payment_service,anonymous_established_account,0.0,82684.0,0.8308,0.0,0.0,0,0.0,1,0.5,49761.5,82684.0,32922.5,1,0,1,2,2,bank,incoming_transfer,incoming_transfer,1,37.48,suspicious,1,rapid_cash_out
scen_0083,6,252225.0,25000.0,227225.0,-202225.0,9.089,1513.42,0.006,0.0,0,0.0,0.0,none,none,0.0,75459.0,0.2992,0.0,0.0,0,0.0,0,0.0,42037.5,69130.0,22292.76,1,0,1,2,3,mobile,transfer,card_transfer,1,11.04,normal,0,retail
scen_0084,2,71770.0,20000.0,51770.0,-31770.0,2.5885,258.85,0.0036,0.0,0,0.0,0.0,none,none,0.0,0.0,0.0,0.0,0.0,0,0.0,0,0.0,35885.0,51770.0,15885.0,1,0,1,1,2,mobile,salary,salary,0,14.59,normal,0,transfer_burst
scen_0085,2,48035.0,20000.0,28035.0,-8035.0,1.4018,140.18,0.0029,0.0,0,0.0,0.0,none,none,0.0,0.0,0.0,0.0,0.0,0,0.0,0,0.0,24017.5,28035.0,4017.5,1,0,1,1,2,mobile,salary,salary,0,13.4,normal,0,transfer_burst
scen_0086,2,58191.0,30000.0,28191.0,1809.0,0.9397,140.96,0.0024,0.0,0,0.0,0.0,none,none,0.0,0.0,0.0,0.0,0.0,0,0.0,1,0.5,29095.5,30000.0,904.5,1,0,1,1,2,mobile,salary,salary,0,22.41,review,0,transfer_burst
scen_0087,9,369662.0,47762.0,321900.0,-274138.0,6.7397,1609.51,0.0044,47762.0,1,0.0,47762.0,foreign_bank_kg,anonymous_established_account,0.0,0.0,0.0,0.0,0.0,0,0.0,3,0.3333,41073.56,77551.0,20264.62,1,0,0,2,2,mobile,transfer,card_transfer,0,19.44,normal,0,incoming_series
scen_0088,2,62752.0,41531.0,21221.0,20310.0,0.511,106.1,0.0017,41531.0,1,0.0,0.0,payment_service,anonymous_new_account,0.0,0.0,0.0,0.0,0.0,0,0.0,1,0.5,31376.0,41531.0,10155.0,1,0,0,2,2,bank,incoming_transfer,incoming_transfer,0,31.64,review,0,incoming_series
scen_0089,2,106496.0,30000.0,76496.0,-46496.0,2.5499,382.48,0.0036,0.0,0,0.0,0.0,none,none,0.0,0.0,0.0,0.0,0.0,0,0.0,1,0.5,53248.0,76496.0,23248.0,1,0,1,1,2,mobile,salary,salary,0,22.32,review,0,transfer_burst
scen_0090,8,348101.0,20000.0,328101.0,-308101.0,16.405,2799.47,0.008,0.0,0,0.0,0.0,none,none,0.0,231792.0,0.6659,0.0,0.0,0,0.0,5,0.625,43512.62,72722.0,17340.1,1,0,1,3,3,atm,cash,cash_withdrawal,1,25.85,review,0,retail
scen_0091,2,51914.0,36422.0,15492.0,20930.0,0.4253,77.46,0.0015,36422.0,1,0.0,0.0,domestic_bank,anonymous_new_account,0.0,0.0,0.0,0.0,0.0,0,0.0,0,0.0,25957.0,36422.0,10465.0,1,0,0,2,2,bank,incoming_transfer,incoming_transfer,0,21.6,review,0,incoming_series
scen_0092,2,97049.0,25000.0,72049.0,-47049.0,2.882,360.24,0.0037,0.0,0,0.0,0.0,none,none,0.0,0.0,0.0,0.0,0.0,0,0.0,0,0.0,48524.5,72049.0,23524.5,1,0,1,1,2,mobile,salary,salary,0,15.85,normal,0,transfer_burst
scen_0093,14,749621.0,20000.0,729621.0,-709621.0,36.4811,6490.35,0.0087,0.0,0,0.0,0.0,none,none,0.0,568449.0,0.7583,0.0,0.0,0,0.0,7,0.5,53544.36,96628.0,25037.01,1,0,1,3,3,branch,cash,cash_withdrawal,1,22.71,review,0,retail
scen_0094,7,309095.0,18812.0,290283.0,-271471.0,15.4307,1451.42,0.0047,18812.0,1,0.0,18812.0,foreign_bank_kg,regular_sender,0.0,0.0,0.0,0.0,0.0,0,0.0,3,0.4286,44156.43,68972.0,20744.33,1,0,1,2,2,mobile,transfer,card_transfer,0,22.56,review,0,incoming_series
scen_0095,11,521684.0,30000.0,491684.0,-461684.0,16.3895,3388.13,0.0065,0.0,0,0.0,0.0,none,none,0.0,185944.0,0.3564,0.0,0.0,0,0.0,4,0.3636,47425.82,69250.0,18338.52,1,0,1,3,3,mobile,transfer,card_transfer,1,19.74,normal,0,retail
scen_0096,2,72209.0,32818.0,39391.0,-6573.0,1.2003,393.91,0.0055,32818.0,1,32818.0,0.0,crypto_exchange,regular_sender,0.0,39391.0,0.5455,0.0,0.0,0,0.0,0,0.0,36104.5,39391.0,3286.5,1,0,1,2,2,bank,incoming_transfer,incoming_transfer,1,28.61,review,0,rapid_cash_out
scen_0097,2,157368.0,74752.0,82616.0,-7864.0,1.1052,826.16,0.0052,74752.0,1,0.0,0.0,domestic_bank,anonymous_established_account,0.0,82616.0,0.525,0.0,0.0,0,0.0,0,0.0,78684.0,82616.0,3932.0,1,0,1,2,2,bank,incoming_transfer,incoming_transfer,1,25.37,review,0,rapid_cash_out
scen_0098,2,83487.0,21300.0,62187.0,-40887.0,2.9196,621.87,0.0074,21300.0,1,0.0,0.0,domestic_bank,anonymous_established_account,0.0,62187.0,0.7449,0.0,0.0,0,0.0,1,0.5,41743.5,62187.0,20443.5,1,0,1,2,2,bank,incoming_transfer,incoming_transfer,1,30.18,review,0,rapid_cash_out
scen_0099,14,651800.0,26274.0,625526.0,-599252.0,23.8078,3127.63,0.0048,26274.0,1,0.0,26274.0,foreign_bank_kg,anonymous_established_account,0.0,0.0,0.0,0.0,0.0,0,0.0,6,0.4286,46557.14,79924.0,18955.09,1,0,1,2,2,mobile,transfer,card_transfer,0,21.01,review,0,incoming_series
scen_0100,2,64688.0,20000.0,44688.0,-24688.0,2.2344,223.44,0.0035,0.0,0,0.0,0.0,none,none,0.0,0.0,0.0,0.0,0.0,0,0.0,1,0.5,32344.0,44688.0,12344.0,1,0,1,1,2,mobile,salary,salary,0,20.24,review,0,retail
scen_0101,2,156805.0,64602.0,92203.0,-27601.0,1.4272,922.03,0.0059,64602.0,1,0.0,0.0,domestic_bank,anonymous_established_account,0.0,92203.0,0.588,0.0,0.0,0,0.0,1,0.5,78402.5,92203.0,13800.5,1,0,1,2,2,bank,incoming_transfer,incoming_transfer,1,31.34,review,0,rapid_cash_out
scen_0102,2,83227.0,20000.0,63227.0,-43227.0,3.1614,316.14,0.0038,0.0,0,0.0,0.0,none,none,0.0,0.0,0.0,0.0,0.0,0,0.0,0,0.0,41613.5,63227.0,21613.5,1,0,1,1,2,mobile,salary,salary,0,15.16,normal,0,transfer_burst
scen_0103,3,193083.0,67619.0,125464.0,-57845.0,1.8555,627.32,0.0032,67619.0,1,0.0,0.0,payment_service,anonymous_established_account,0.0,0.0,0.0,0.0,0.0,0,0.0,1,0.3333,64361.0,70875.0,7036.54,1,0,1,2,2,mobile,transfer,card_transfer,0,25.77,review,0,incoming_series
scen_0104,2,78992.0,51853.0,27139.0,24714.0,0.5234,271.39,0.0034,51853.0,1,51853.0,0.0,crypto_exchange,anonymous_established_account,0.0,27139.0,0.3436,0.0,0.0,0,0.0,1,0.5,39496.0,51853.0,12357.0,1,0,0,2,2,bank,incoming_transfer,incoming_transfer,1,32.95,review,0,rapid_cash_out
scen_0105,7,312760.0,20000.0,292760.0,-272760.0,14.638,2113.58,0.0068,0.0,0,0.0,0.0,none,none,0.0,129958.0,0.4155,0.0,0.0,0,0.0,3,0.4286,44680.0,75308.0,19551.66,1,0,1,3,3,mobile,transfer,card_transfer,1,19.9,normal,0,retail
scen_0106,9,475440.0,56254.0,419186.0,-362932.0,7.4517,2095.93,0.0044,56254.0,1,0.0,0.0,domestic_bank,anonymous_new_account,0.0,0.0,0.0,0.0,0.0,0,0.0,1,0.1111,52826.67,71680.0,16817.54,1,0,1,2,2,mobile,transfer,card_transfer,0,17.4,normal,0,incoming_series
scen_0107,2,123920.0,47827.0,76093.0,-28266.0,1.591,760.93,0.0061,47827.0,1,0.0,0.0,domestic_bank,anonymous_established_account,0.0,76093.0,0.614,0.0,0.0,0,0.0,1,0.5,61960.0,76093.0,14133.0,1,0,1,2,2,bank,incoming_transfer,incoming_transfer,1,32.2,review,0,rapid_cash_out
scen_0108,2,55572.0,30000.0,25572.0,4428.0,0.8524,127.86,0.0023,0.0,0,0.0,0.0,none,none,0.0,0.0,0.0,0.0,0.0,0,0.0,0,0.0,27786.0,30000.0,2214.0,1,0,1,1,2,mobile,salary,salary,0,13.78,normal,0,transfer_burst
scen_0109,8,390176.0,20000.0,370176.0,-350176.0,18.5088,2802.88,0.0072,0.0,0,0.0,0.0,none,none,0.0,190400.0,0.488,0.0,0.0,0,0.0,5,0.625,48772.0,77568.0,20272.52,1,0,1,3,3,atm,cash,cash_withdrawal,1,26.0,review,0,retail
scen_0110,2,109774.0,30000.0,79774.0,-49774.0,2.6591,398.87,0.0036,0.0,0,0.0,0.0,none,none,0.0,0.0,0.0,0.0,0.0,0,0.0,0,0.0,54887.0,79774.0,24887.0,1,0,1,1,2,mobile,salary,salary,0,16.49,normal,0,transfer_burst
scen_0111,2,78281.0,20000.0,58281.0,-38281.0,2.9141,291.4,0.0037,0.0,0,0.0,0.0,none,none,0.0,0.0,0.0,0.0,0.0,0,0.0,0,0.0,39140.5,58281.0,19140.5,1,0,1,1,2,mobile,salary,salary,0,17.42,normal,0,transfer_burst
scen_0112,8,403727.0,20000.0,383727.0,-363727.0,19.1864,2983.46,0.0074,0.0,0,0.0,0.0,none,none,0.0,212965.0,0.5275,0.0,0.0,0,0.0,2,0.25,50465.88,85047.0,25060.47,1,0,1,3,3,branch,cash,cash_withdrawal,1,17.04,normal,0,retail
scen_0113,13,684903.0,73462.0,611441.0,-537979.0,8.3232,3057.2,0.0045,73462.0,1,0.0,73462.0,foreign_bank_kg,anonymous_new_account,0.0,0.0,0.0,0.0,0.0,0,0.0,4,0.3077,52684.85,74094.0,13772.03,1,0,0,2,2,mobile,transfer,card_transfer,0,20.19,review,0,incoming_series
scen_0114,7,299895.0,30000.0,269895.0,-239895.0,8.9965,2380.69,0.0079,0.0,0,0.0,0.0,none,none,0.0,206244.0,0.6877,0.0,0.0,0,0.0,1,0.1429,42842.14,90698.0,22839.93,1,0,1,3,3,atm,cash,cash_withdrawal,1,18.43,normal,0,retail
scen_0115,2,103051.0,30701.0,72350.0,-41649.0,2.3566,723.5,0.007,30701.0,1,0.0,0.0,payment_service,regular_sender,0.0,72350.0,0.7021,0.0,0.0,0,0.0,1,0.5,51525.5,72350.0,20824.5,1,0,1,2,2,bank,incoming_transfer,incoming_transfer,1,31.16,review,0,rapid_cash_out
scen_0116,2,142308.0,47649.0,94659.0,-47010.0,1.9866,946.59,0.0067,47649.0,1,47649.0,0.0,crypto_exchange,anonymous_established_account,0.0,94659.0,0.6652,0.0,0.0,0,0.0,0,0.0,71154.0,94659.0,23505.0,1,0,1,2,2,bank,incoming_transfer,incoming_transfer,1,33.12,review,0,rapid_cash_out
scen_0117,2,47928.0,14888.0,33040.0,-18152.0,2.2192,330.4,0.0069,14888.0,1,0.0,14888.0,foreign_bank_kg,anonymous_established_account,0.0,33040.0,0.6894,0.0,0.0,0,0.0,0,0.0,23964.0,33040.0,9076.0,1,0,1,2,2,bank,incoming_transfer,incoming_transfer,1,30.9,review,0,rapid_cash_out
scen_0118,4,202720.0,49110.0,153610.0,-104500.0,3.1279,768.05,0.0038,49110.0,1,0.0,0.0,domestic_bank,anonymous_established_account,0.0,0.0,0.0,0.0,0.0,0,0.0,1,0.25,50680.0,78723.0,18258.61,1,0,1,2,2,mobile,transfer,card_transfer,0,23.32,review,0,incoming_series
scen_0119,6,295277.0,43720.0,251557.0,-207837.0,5.7538,1257.78,0.0043,43720.0,1,0.0,43720.0,foreign_bank_kg,anonymous_new_account,0.0,0.0,0.0,0.0,0.0,0,0.0,0,0.0,49212.83,77538.0,18347.56,1,0,1,2,2,mobile,transfer,card_transfer,0,19.42,normal,0,incoming_series
scen_0120,4,136165.0,20000.0,116165.0,-96165.0,5.8083,1107.18,0.0081,0.0,0,0.0,0.0,none,none,0.0,105270.0,0.7731,0.0,0.0,0,0.0,0,0.0,34041.25,60275.0,19628.42,1,0,0,3,3,mobile,cash,cash_withdrawal,1,14.16,normal,0,retail
scen_0121,6,256620.0,25000.0,231620.0,-206620.0,9.2648,1556.12,0.0061,0.0,0,0.0,0.0,none,none,0.0,79605.0,0.3102,0.0,0.0,0,0.0,5,0.8333,42770.0,75866.0,18036.86,1,0,1,2,3,mobile,transfer,card_transfer,1,26.11,review,0,retail
scen_0122,2,97141.0,27507.0,69634.0,-42127.0,2.5315,696.34,0.0072,27507.0,1,0.0,0.0,payment_service,anonymous_new_account,0.0,69634.0,0.7168,0.0,0.0,0,0.0,0,0.0,48570.5,69634.0,21063.5,1,0,1,2,2,bank,incoming_transfer,incoming_transfer,1,31.36,review,0,rapid_cash_out
scen_0123,14,603671.0,25235.0,578436.0,-553201.0,22.922,2892.19,0.0048,25235.0,1,0.0,25235.0,foreign_bank_kg,regular_sender,0.0,0.0,0.0,0.0,0.0,0,0.0,5,0.3571,43119.36,76895.0,22750.43,1,0,1,2,2,mobile,transfer,card_transfer,0,18.96,normal,0,incoming_series
scen_0124,10,445820.0,25000.0,420820.0,-395820.0,16.8328,2913.92,0.0065,0.0,0,0.0,0.0,none,none,0.0,161962.0,0.3633,0.0,0.0,0,0.0,4,0.4,44582.0,81361.0,22417.45,1,0,1,3,3,mobile,transfer,card_transfer,1,20.96,review,0,retail
scen_0125,5,184930.0,46129.0,138801.0,-92672.0,3.009,694.01,0.0038,46129.0,1,0.0,46129.0,foreign_bank_kg,regular_sender,0.0,0.0,0.0,0.0,0.0,0,0.0,1,0.2,36986.0,64950.0,18089.37,1,0,0,2,2,mobile,transfer,card_transfer,0,15.5,normal,0,incoming_series
scen_0126,11,594935.0,20000.0,574935.0,-554935.0,28.7467,3489.11,0.0059,0.0,0,0.0,0.0,none,none,0.0,122887.0,0.2066,0.0,0.0,0,0.0,4,0.3636,54085.0,78321.0,20044.83,1,0,1,3,3,mobile,transfer,card_transfer,1,18.86,normal,0,retail
scen_0127,14,589199.0,17552.0,571647.0,-554095.0,32.5688,2858.26,0.0049,17552.0,1,0.0,0.0,payment_service,anonymous_established_account,0.0,0.0,0.0,0.0,0.0,0,0.0,2,0.1429,42085.64,79467.0,17237.58,1,0,1,2,2,mobile,transfer,card_transfer,0,16.5,normal,0,incoming_series
scen_0128,2,114596.0,25376.0,89220.0,-63844.0,3.5159,892.2,0.0078,25376.0,1,0.0,0.0,payment_service,anonymous_new_account,0.0,89220.0,0.7786,0.0,0.0,0,0.0,0,0.0,57298.0,89220.0,31922.0,1,0,1,2,2,bank,incoming_transfer,incoming_transfer,1,35.23,suspicious,1,rapid_cash_out
scen_0129,2,123266.0,52154.0,71112.0,-18958.0,1.3635,711.12,0.0058,52154.0,1,52154.0,0.0,crypto_exchange,anonymous_established_account,0.0,71112.0,0.5769,0.0,0.0,0,0.0,0,0.0,61633.0,71112.0,9479.0,1,0,1,2,2,bank,incoming_transfer,incoming_transfer,1,31.66,review,0,rapid_cash_out
scen_0130,2,105179.0,30000.0,75179.0,-45179.0,2.506,375.9,0.0036,0.0,0,0.0,0.0,none,none,0.0,0.0,0.0,0.0,0.0,0,0.0,0,0.0,52589.5,75179.0,22589.5,1,0,1,1,2,mobile,salary,salary,0,16.26,normal,0,transfer_burst
scen_0131,14,615475.0,20000.0,595475.0,-575475.0,29.7737,5120.8,0.0083,0.0,0,0.0,0.0,none,none,0.0,428688.0,0.6965,0.0,0.0,0,0.0,1,0.0714,43962.5,92667.0,24834.09,1,0,1,3,3,branch,cash,cash_withdrawal,1,15.82,normal,0,retail
scen_0132,11,487103.0,30000.0,457103.0,-427103.0,15.2368,3817.86,0.0078,0.0,0,0.0,0.0,none,none,0.0,306470.0,0.6292,0.0,0.0,0,0.0,4,0.3636,44282.09,98346.0,24390.47,1,0,1,3,3,mobile,cash,cash_withdrawal,1,20.79,review,0,retail
scen_0133,3,200902.0,25000.0,175902.0,-150902.0,7.0361,1759.02,0.0088,0.0,0,0.0,0.0,none,none,0.0,175902.0,0.8756,0.0,0.0,0,0.0,1,0.3333,66967.33,93459.0,30014.23,1,0,1,2,2,branch,cash,cash_withdrawal,1,21.03,review,0,retail
scen_0134,2,128937.0,75517.0,53420.0,22097.0,0.7074,534.2,0.0041,75517.0,1,0.0,0.0,payment_service,regular_sender,0.0,53420.0,0.4143,0.0,0.0,0,0.0,1,0.5,64468.5,75517.0,11048.5,1,0,1,2,2,bank,incoming_transfer,incoming_transfer,1,35.44,suspicious,1,rapid_cash_out
scen_0135,5,230728.0,20000.0,210728.0,-190728.0,10.5364,1729.04,0.0075,0.0,0,0.0,0.0,none,none,0.0,135080.0,0.5855,0.0,0.0,0,0.0,2,0.4,46145.6,83860.0,22043.26,1,0,1,2,3,mobile,transfer,card_transfer,1,21.61,review,0,retail
scen_0136,3,123342.0,41519.0,81823.0,-40304.0,1.9707,409.12,0.0033,41519.0,1,0.0,0.0,payment_service,regular_sender,0.0,0.0,0.0,0.0,0.0,0,0.0,1,0.3333,41114.0,53480.0,10266.13,1,0,1,2,2,mobile,transfer,card_transfer,0,26.11,review,0,incoming_series
scen_0137,10,554727.0,20000.0,534727.0,-514727.0,26.7364,4149.92,0.0075,0.0,0,0.0,0.0,none,none,0.0,295256.0,0.5323,0.0,0.0,0,0.0,3,0.3,55472.7,93115.0,25390.7,1,0,1,3,3,mobile,cash,cash_withdrawal,1,20.15,review,0,retail
scen_0138,7,310383.0,57175.0,253208.0,-196033.0,4.4286,1266.04,0.0041,57175.0,1,57175.0,0.0,crypto_exchange,anonymous_new_account,0.0,0.0,0.0,0.0,0.0,0,0.0,1,0.1429,44340.43,77166.0,21276.97,1,0,0,2,2,mobile,transfer,card_transfer,0,18.86,normal,0,incoming_series
scen_0139,11,469833.0,20000.0,449833.0,-429833.0,22.4916,3733.68,0.0079,0.0,0,0.0,0.0,none,none,0.0,296905.0,0.6319,0.0,0.0,0,0.0,1,0.0909,42712.09,74985.0,18260.06,1,0,1,3,3,branch,cash,cash_withdrawal,1,16.18,normal,0,retail
scen_0140,2,78193.0,25000.0,53193.0,-28193.0,2.1277,265.96,0.0034,0.0,0,0.0,0.0,none,none,0.0,0.0,0.0,0.0,0.0,0,0.0,0,0.0,39096.5,53193.0,14096.5,1,0,1,1,2,mobile,salary,salary,0,17.41,normal,0,transfer_burst
scen_0141,2,57842.0,30000.0,27842.0,2158.0,0.9281,139.21,0.0024,0.0,0,0.0,0.0,none,none,0.0,0.0,0.0,0.0,0.0,0,0.0,0,0.0,28921.0,30000.0,1079.0,1,0,1,1,2,mobile,salary,salary,0,16.39,normal,0,transfer_burst
scen_0142,2,66326.0,30000.0,36326.0,-6326.0,1.2109,181.63,0.0027,0.0,0,0.0,0.0,none,none,0.0,0.0,0.0,0.0,0.0,0,0.0,0,0.0,33163.0,36326.0,3163.0,1,0,1,1,2,mobile,salary,salary,0,16.82,normal,0,transfer_burst
scen_0143,2,76830.0,25000.0,51830.0,-26830.0,2.0732,259.15,0.0034,0.0,0,0.0,0.0,none,none,0.0,0.0,0.0,0.0,0.0,0,0.0,0,0.0,38415.0,51830.0,13415.0,1,0,1,1,2,mobile,salary,salary,0,17.34,normal,0,transfer_burst
scen_0144,11,556714.0,70505.0,486209.0,-415704.0,6.8961,2431.05,0.0044,70505.0,1,0.0,70505.0,foreign_bank_kg,anonymous_established_account,0.0,0.0,0.0,0.0,0.0,0,0.0,5,0.4545,50610.36,75444.0,19767.96,1,0,0,2,2,mobile,transfer,card_transfer,0,20.61,review,0,incoming_series
scen_0145,10,563205.0,53463.0,509742.0,-456279.0,9.5345,2548.72,0.0045,53463.0,1,0.0,0.0,payment_service,anonymous_new_account,0.0,0.0,0.0,0.0,0.0,0,0.0,3,0.3,56320.5,77999.0,19910.49,1,0,0,2,2,mobile,transfer,card_transfer,0,19.33,normal,0,incoming_series
scen_0146,3,100702.0,21253.0,79449.0,-58196.0,3.7382,397.24,0.0039,21253.0,1,0.0,0.0,domestic_bank,regular_sender,0.0,0.0,0.0,0.0,0.0,0,0.0,0,0.0,33567.33,50880.0,12600.99,1,0,1,2,2,mobile,transfer,card_transfer,0,19.03,normal,0,incoming_series
scen_0147,14,564150.0,54967.0,509183.0,-454216.0,9.2634,2545.9,0.0045,54967.0,1,0.0,0.0,domestic_bank,regular_sender,0.0,0.0,0.0,0.0,0.0,0,0.0,5,0.3571,40296.43,66640.0,17127.38,1,0,0,2,2,mobile,transfer,card_transfer,0,18.6,normal,0,incoming_series
scen_0148,2,48200.0,30000.0,18200.0,11800.0,0.6067,91.0,0.0019,0.0,0,0.0,0.0,none,none,0.0,0.0,0.0,0.0,0.0,0,0.0,1,0.5,24100.0,30000.0,5900.0,1,0,0,1,2,mobile,salary,salary,0,16.91,normal,0,transfer_burst
scen_0149,14,635737.0,25000.0,610737.0,-585737.0,24.4295,5333.54,0.0084,0.0,0,0.0,0.0,none,none,0.0,455970.0,0.7172,0.0,0.0,0,0.0,7,0.5,45409.79,87354.0,21259.85,1,0,1,3,3,atm,cash,cash_withdrawal,1,24.33,review,0,retail
scen_0150,2,47026.0,30000.0,17026.0,12974.0,0.5675,85.13,0.0018,0.0,0,0.0,0.0,none,none,0.0,0.0,0.0,0.0,0.0,0,0.0,0,0.0,23513.0,30000.0,6487.0,1,0,0,1,2,mobile,salary,salary,0,10.85,normal,0,transfer_burst
scen_0151,9,388668.0,25000.0,363668.0,-338668.0,14.5467,3406.85,0.0088,0.0,0,0.0,0.0,none,none,0.0,317702.0,0.8174,0.0,0.0,0,0.0,4,0.4444,43185.33,76952.0,20430.17,1,0,1,3,3,atm,cash,cash_withdrawal,1,22.65,review,0,retail
scen_0152,10,433156.0,21401.0,411755.0,-390354.0,19.24,2058.76,0.0048,21401.0,1,0.0,0.0,payment_service,anonymous_new_account,0.0,0.0,0.0,0.0,0.0,0,0.0,3,0.3,43315.6,66120.0,13248.79,1,0,1,2,2,mobile,transfer,card_transfer,0,20.53,review,0,incoming_series
scen_0153,2,52481.0,30000.0,22481.0,7519.0,0.7494,112.4,0.0021,0.0,0,0.0,0.0,none,none,0.0,0.0,0.0,0.0,0.0,0,0.0,0,0.0,26240.5,30000.0,3759.5,1,0,1,1,2,mobile,salary,salary,0,13.62,normal,0,transfer_burst
scen_0154,2,55799.0,26631.0,29168.0,-2537.0,1.0953,145.84,0.0026,26631.0,1,0.0,26631.0,foreign_bank_kg,anonymous_new_account,0.0,0.0,0.0,0.0,0.0,0,0.0,1,0.5,27899.5,29168.0,1268.5,1,0,1,2,2,bank,incoming_transfer,incoming_transfer,0,35.79,suspicious,1,incoming_series
scen_0155,2,91472.0,30000.0,61472.0,-31472.0,2.0491,307.36,0.0034,0.0,0,0.0,0.0,none,none,0.0,0.0,0.0,0.0,0.0,0,0.0,0,0.0,45736.0,61472.0,15736.0,1,0,1,1,2,mobile,salary,salary,0,15.58,normal,0,transfer_burst
scen_0156,2,114464.0,45221.0,69243.0,-24022.0,1.5312,692.43,0.006,45221.0,1,0.0,0.0,payment_service,anonymous_established_account,0.0,69243.0,0.6049,0.0,0.0,0,0.0,1,0.5,57232.0,69243.0,12011.0,1,0,1,2,2,bank,incoming_transfer,incoming_transfer,1,38.22,suspicious,1,rapid_cash_out
scen_0157,8,435877.0,30000.0,405877.0,-375877.0,13.5292,3608.97,0.0083,0.0,0,0.0,0.0,none,none,0.0,315918.0,0.7248,0.0,0.0,0,0.0,1,0.125,54484.62,80048.0,21045.44,1,0,1,3,3,branch,cash,cash_withdrawal,1,17.7,normal,0,retail
scen_0158,12,462258.0,20000.0,442258.0,-422258.0,22.1129,3264.67,0.0071,0.0,0,0.0,0.0,none,none,0.0,210676.0,0.4558,0.0,0.0,0,0.0,5,0.4167,38521.5,72496.0,17013.86,1,0,1,3,3,mobile,transfer,card_transfer,1,20.44,review,0,retail
scen_0159,13,619839.0,25000.0,594839.0,-569839.0,23.7936,4355.21,0.007,0.0,0,0.0,0.0,none,none,0.0,276202.0,0.4456,0.0,0.0,0,0.0,5,0.3846,47679.92,98753.0,26912.91,1,0,1,3,3,mobile,transfer,card_transfer,1,20.69,review,0,retail
scen_0160,7,346302.0,13515.0,332787.0,-319272.0,24.6235,1663.93,0.0048,13515.0,1,13515.0,0.0,crypto_exchange,anonymous_new_account,0.0,0.0,0.0,0.0,0.0,0,0.0,1,0.1429,49471.71,77862.0,27477.49,1,0,1,2,2,mobile,transfer,card_transfer,0,18.66,normal,0,incoming_series
scen_0161,12,493362.0,12187.0,481175.0,-468988.0,39.4826,2405.86,0.0049,12187.0,1,0.0,0.0,domestic_bank,anonymous_new_account,0.0,0.0,0.0,0.0,0.0,0,0.0,4,0.3333,41113.5,75673.0,20896.2,1,0,1,2,2,mobile,transfer,card_transfer,0,18.78,normal,0,incoming_series
scen_0162,2,48665.0,30000.0,18665.0,11335.0,0.6222,93.32,0.0019,0.0,0,0.0,0.0,none,none,0.0,0.0,0.0,0.0,0.0,0,0.0,0,0.0,24332.5,30000.0,5667.5,1,0,0,1,2,mobile,salary,salary,0,10.94,normal,0,transfer_burst
scen_0163,13,619917.0,27984.0,591933.0,-563949.0,21.1526,2959.66,0.0048,27984.0,1,0.0,0.0,domestic_bank,anonymous_new_account,0.0,0.0,0.0,0.0,0.0,0,0.0,4,0.3077,47685.92,78551.0,19538.07,1,0,1,2,2,mobile,transfer,card_transfer,0,19.62,normal,0,incoming_series
scen_0164,11,532580.0,42053.0,490527.0,-448474.0,11.6645,2452.67,0.0046,42053.0,1,0.0,0.0,domestic_bank,anonymous_established_account,0.0,0.0,0.0,0.0,0.0,0,0.0,4,0.3636,48416.36,75803.0,18672.56,1,0,1,2,2,mobile,transfer,card_transfer,0,19.66,normal,0,incoming_series
scen_0165,4,163005.0,20000.0,143005.0,-123005.0,7.1502,821.64,0.005,0.0,0,0.0,0.0,none,none,0.0,21322.0,0.1308,0.0,0.0,0,0.0,0,0.0,40751.25,70960.0,21331.4,1,0,1,2,3,mobile,transfer,card_transfer,1,13.82,normal,0,retail
scen_0166,2,74834.0,25000.0,49834.0,-24834.0,1.9934,249.17,0.0033,0.0,0,0.0,0.0,none,none,0.0,0.0,0.0,0.0,0.0,0,0.0,1,0.5,37417.0,49834.0,12417.0,1,0,1,1,2,mobile,salary,salary,0,23.24,review,0,transfer_burst
scen_0167,2,139908.0,58270.0,81638.0,-23368.0,1.401,816.38,0.0058,58270.0,1,0.0,0.0,payment_service,anonymous_new_account,0.0,81638.0,0.5835,0.0,0.0,0,0.0,0,0.0,69954.0,81638.0,11684.0,1,0,1,2,2,bank,incoming_transfer,incoming_transfer,1,34.0,review,0,rapid_cash_out
scen_0168,8,327424.0,30000.0,297424.0,-267424.0,9.9141,2247.3,0.0069,0.0,0,0.0,0.0,none,none,0.0,152034.0,0.4643,0.0,0.0,0,0.0,2,0.25,40928.0,64140.0,12886.55,1,0,1,3,3,mobile,transfer,card_transfer,1,18.22,normal,0,retail
scen_0169,11,503395.0,25000.0,478395.0,-453395.0,19.1358,3461.31,0.0069,0.0,0,0.0,0.0,none,none,0.0,213869.0,0.4249,0.0,0.0,0,0.0,3,0.2727,45763.18,71086.0,19109.57,1,0,1,3,3,mobile,transfer,card_transfer,1,19.21,normal,0,retail
scen_0170,2,50717.0,25000.0,25717.0,-717.0,1.0287,128.58,0.0025,0.0,0,0.0,0.0,none,none,0.0,0.0,0.0,0.0,0.0,0,0.0,0,0.0,25358.5,25717.0,358.5,1,0,1,1,2,mobile,salary,salary,0,13.54,normal,0,transfer_burst
scen_0171,2,102838.0,49874.0,52964.0,-3090.0,1.062,529.64,0.0052,49874.0,1,0.0,0.0,domestic_bank,anonymous_new_account,0.0,52964.0,0.515,0.0,0.0,0,0.0,0,0.0,51419.0,52964.0,1545.0,1,0,1,2,2,bank,incoming_transfer,incoming_transfer,1,31.14,review,0,rapid_cash_out
scen_0172,2,111105.0,61936.0,49169.0,12767.0,0.7939,491.69,0.0044,61936.0,1,0.0,0.0,domestic_bank,regular_sender,0.0,49169.0,0.4425,0.0,0.0,0,0.0,0,0.0,55552.5,61936.0,6383.5,1,0,1,2,2,bank,incoming_transfer,incoming_transfer,1,19.56,normal,0,rapid_cash_out
scen_0173,8,318156.0,20000.0,298156.0,-278156.0,14.9078,2044.26,0.0064,0.0,0,0.0,0.0,none,none,0.0,110697.0,0.3479,0.0,0.0,0,0.0,3,0.375,39769.5,92614.0,24459.84,1,0,1,2,3,mobile,transfer,card_transfer,1,19.98,normal,0,retail
scen_0174,14,698916.0,65923.0,632993.0,-567070.0,9.602,3164.98,0.0045,65923.0,1,0.0,65923.0,foreign_bank_kg,anonymous_established_account,0.0,0.0,0.0,0.0,0.0,0,0.0,3,0.2143,49922.57,78919.0,20982.13,1,0,0,2,2,mobile,transfer,card_transfer,0,15.92,normal,0,incoming_series
scen_0175,2,103527.0,30000.0,73527.0,-43527.0,2.4509,367.64,0.0036,0.0,0,0.0,0.0,none,none,0.0,0.0,0.0,0.0,0.0,0,0.0,0,0.0,51763.5,73527.0,21763.5,1,0,1,1,2,mobile,salary,salary,0,16.18,normal,0,transfer_burst
scen_0176,2,58568.0,25000.0,33568.0,-8568.0,1.3427,167.84,0.0029,0.0,0,0.0,0.0,none,none,0.0,0.0,0.0,0.0,0.0,0,0.0,0,0.0,29284.0,33568.0,4284.0,1,0,1,1,2,mobile,salary,salary,0,13.93,normal,0,transfer_burst
scen_0177,2,33840.0,20000.0,13840.0,6160.0,0.692,69.2,0.002,0.0,0,0.0,0.0,none,none,0.0,0.0,0.0,0.0,0.0,0,0.0,0,0.0,16920.0,20000.0,3080.0,1,0,0,1,2,mobile,salary,salary,0,10.19,normal,0,transfer_burst
scen_0178,14,581479.0,20000.0,561479.0,-541479.0,28.0739,3639.18,0.0063,0.0,0,0.0,0.0,none,none,0.0,166356.0,0.2861,0.0,0.0,0,0.0,5,0.3571,41534.21,79002.0,19210.31,1,0,1,3,3,mobile,transfer,card_transfer,1,20.51,review,0,retail
scen_0179,2,58566.0,30000.0,28566.0,1434.0,0.9522,142.83,0.0024,0.0,0,0.0,0.0,none,none,0.0,0.0,0.0,0.0,0.0,0,0.0,0,0.0,29283.0,30000.0,717.0,1,0,1,1,2,mobile,salary,salary,0,11.43,normal,0,retail
scen_0180,2,86851.0,25000.0,61851.0,-36851.0,2.474,309.26,0.0036,0.0,0,0.0,0.0,none,none,0.0,0.0,0.0,0.0,0.0,0,0.0,1,0.5,43425.5,61851.0,18425.5,1,0,1,1,2,mobile,salary,salary,0,21.34,review,0,transfer_burst
scen_0181,7,307280.0,30000.0,277280.0,-247280.0,9.2427,2356.82,0.0077,0.0,0,0.0,0.0,none,none,0.0,194082.0,0.6316,0.0,0.0,0,0.0,3,0.4286,43897.14,83659.0,21205.0,1,0,1,3,3,atm,cash,cash_withdrawal,1,22.53,review,0,retail
scen_0182,4,129089.0,25000.0,104089.0,-79089.0,4.1636,662.61,0.0051,0.0,0,0.0,0.0,none,none,0.0,28434.0,0.2203,0.0,0.0,0,0.0,1,0.25,32272.25,55457.0,13701.62,1,0,1,2,3,mobile,transfer,card_transfer,1,17.23,normal,0,retail
scen_0183,2,33122.0,21629.0,11493.0,10136.0,0.5314,114.93,0.0035,21629.0,1,21629.0,0.0,crypto_exchange,anonymous_established_account,0.0,11493.0,0.347,0.0,0.0,0,0.0,0,0.0,16561.0,21629.0,5068.0,1,0,0,2,2,bank,incoming_transfer,incoming_transfer,1,22.16,review,0,rapid_cash_out
scen_0184,2,43045.0,18885.0,24160.0,-5275.0,1.2793,241.6,0.0056,18885.0,1,18885.0,0.0,crypto_exchange,anonymous_established_account,0.0,24160.0,0.5613,0.0,0.0,0,0.0,0,0.0,21522.5,24160.0,2637.5,1,0,1,2,2,bank,incoming_transfer,incoming_transfer,1,30.66,review,0,rapid_cash_out
scen_0185,9,316175.0,72847.0,243328.0,-170481.0,3.3403,1216.65,0.0038,72847.0,1,0.0,72847.0,foreign_bank_kg,anonymous_new_account,0.0,0.0,0.0,0.0,0.0,0,0.0,2,0.2222,35130.56,72847.0,21331.52,1,0,1,2,2,mobile,transfer,card_transfer,0,19.29,normal,0,incoming_series
scen_0186,7,310333.0,20000.0,290333.0,-270333.0,14.5167,2186.84,0.007,0.0,0,0.0,0.0,none,none,0.0,147035.0,0.4738,0.0,0.0,0,0.0,2,0.2857,44333.29,82628.0,20363.06,1,0,1,3,3,mobile,cash,cash_withdrawal,1,18.86,normal,0,retail
scen_0187,4,198841.0,66047.0,132794.0,-66747.0,2.0106,663.96,0.0033,66047.0,1,0.0,0.0,domestic_bank,anonymous_established_account,0.0,0.0,0.0,0.0,0.0,0,0.0,0,0.0,49710.25,72957.0,20582.73,1,0,1,2,2,mobile,transfer,card_transfer,0,15.22,normal,0,incoming_series
scen_0188,2,50139.0,25000.0,25139.0,-139.0,1.0056,125.7,0.0025,0.0,0,0.0,0.0,none,none,0.0,0.0,0.0,0.0,0.0,0,0.0,0,0.0,25069.5,25139.0,69.5,1,0,1,1,2,mobile,salary,salary,0,16.0,normal,0,transfer_burst
scen_0189,9,389472.0,34455.0,355017.0,-320562.0,10.3038,1775.09,0.0046,34455.0,1,0.0,0.0,payment_service,anonymous_new_account,0.0,0.0,0.0,0.0,0.0,0,0.0,3,0.3333,43274.67,70956.0,16697.19,1,0,1,2,2,mobile,transfer,card_transfer,0,21.55,review,0,incoming_series
scen_0190,8,271172.0,30000.0,241172.0,-211172.0,8.0391,2075.95,0.0077,0.0,0,0.0,0.0,none,none,0.0,174018.0,0.6417,0.0,0.0,0,0.0,2,0.25,33896.5,68856.0,15751.52,1,0,0,3,3,atm,cash,cash_withdrawal,1,17.89,normal,0,retail
scen_0191,3,152797.0,30000.0,122797.0,-92797.0,4.0932,1227.97,0.008,0.0,0,0.0,0.0,none,none,0.0,122797.0,0.8037,0.0,0.0,0,0.0,2,0.6667,50932.33,70051.0,16400.97,1,0,1,2,2,branch,cash,cash_withdrawal,1,26.76,review,0,retail
scen_0192,3,107732.0,29424.0,78308.0,-48884.0,2.6614,391.54,0.0036,29424.0,1,0.0,0.0,domestic_bank,anonymous_new_account,0.0,0.0,0.0,0.0,0.0,0,0.0,0,0.0,35910.67,55071.0,13781.84,1,0,1,2,2,mobile,transfer,card_transfer,0,23.59,review,0,incoming_series
scen_0193,2,103646.0,30000.0,73646.0,-43646.0,2.4549,368.23,0.0036,0.0,0,0.0,0.0,none,none,0.0,0.0,0.0,0.0,0.0,0,0.0,1,0.5,51823.0,73646.0,21823.0,1,0,1,1,2,mobile,salary,salary,0,22.18,review,0,transfer_burst
scen_0194,2,108753.0,46099.0,62654.0,-16555.0,1.3591,313.27,0.0029,46099.0,1,0.0,0.0,payment_service,anonymous_new_account,0.0,0.0,0.0,0.0,0.0,0,0.0,0,0.0,54376.5,62654.0,8277.5,1,0,1,2,2,bank,incoming_transfer,incoming_transfer,0,27.94,review,0,incoming_series
scen_0195,7,329535.0,54284.0,275251.0,-220967.0,5.0706,1376.25,0.0042,54284.0,1,54284.0,0.0,crypto_exchange,anonymous_established_account,0.0,0.0,0.0,0.0,0.0,0,0.0,2,0.2857,47076.43,68079.0,15896.5,1,0,1,2,2,mobile,transfer,card_transfer,0,22.14,review,0,incoming_series
scen_0196,5,249343.0,30000.0,219343.0,-189343.0,7.3114,2039.25,0.0082,0.0,0,0.0,0.0,none,none,0.0,188507.0,0.756,0.0,0.0,0,0.0,1,0.2,49868.6,78719.0,18296.02,1,0,1,3,3,atm,cash,cash_withdrawal,1,19.19,normal,0,retail
scen_0197,2,87380.0,17553.0,69827.0,-52274.0,3.9781,698.27,0.008,17553.0,1,0.0,17553.0,foreign_bank_kg,anonymous_new_account,0.0,69827.0,0.7991,0.0,0.0,0,0.0,0,0.0,43690.0,69827.0,26137.0,1,0,1,2,2,bank,incoming_transfer,incoming_transfer,1,33.37,review,0,rapid_cash_out
scen_0198,2,120308.0,58280.0,62028.0,-3748.0,1.0643,620.28,0.0052,58280.0,1,0.0,0.0,payment_service,regular_sender,0.0,62028.0,0.5156,0.0,0.0,0,0.0,1,0.5,60154.0,62028.0,1874.0,1,0,1,2,2,bank,incoming_transfer,incoming_transfer,1,35.02,suspicious,1,rapid_cash_out
scen_0199,5,225869.0,25000.0,200869.0,-175869.0,8.0348,1705.36,0.0076,0.0,0,0.0,0.0,none,none,0.0,140202.0,0.6207,0.0,0.0,0,0.0,1,0.2,45173.8,86923.0,24991.97,1,0,1,2,3,branch,cash,cash_withdrawal,1,16.32,normal,0,retail
scen_0200,2,77596.0,38091.0,39505.0,-1414.0,1.0371,395.05,0.0051,38091.0,1,0.0,38091.0,foreign_bank_kg,regular_sender,0.0,39505.0,0.5091,0.0,0.0,0,0.0,0,0.0,38798.0,39505.0,707.0,1,0,1,2,2,bank,incoming_transfer,incoming_transfer,1,28.88,review,0,rapid_cash_out
scen_0201,10,562853.0,46094.0,516759.0,-470665.0,11.211,2583.8,0.0046,46094.0,1,0.0,0.0,payment_service,anonymous_established_account,0.0,0.0,0.0,0.0,0.0,0,0.0,4,0.4,56285.3,78241.0,16191.13,1,0,1,2,2,mobile,transfer,card_transfer,0,21.93,review,0,incoming_series
scen_0202,9,409484.0,20000.0,389484.0,-369484.0,19.4742,3310.1,0.0081,0.0,0,0.0,0.0,none,none,0.0,272537.0,0.6656,0.0,0.0,0,0.0,4,0.4444,45498.22,84978.0,24482.03,1,0,1,3,3,branch,cash,cash_withdrawal,1,23.44,review,0,retail
scen_0203,12,440380.0,21704.0,418676.0,-396972.0,19.2903,2093.38,0.0048,21704.0,1,0.0,21704.0,foreign_bank_kg,anonymous_established_account,0.0,0.0,0.0,0.0,0.0,0,0.0,6,0.5,36698.33,60026.0,14059.99,1,0,1,2,2,mobile,transfer,card_transfer,0,23.25,review,0,incoming_series
scen_0204,2,49762.0,20000.0,29762.0,-9762.0,1.4881,148.81,0.003,0.0,0,0.0,0.0,none,none,0.0,0.0,0.0,0.0,0.0,0,0.0,0,0.0,24881.0,29762.0,4881.0,1,0,1,1,2,mobile,salary,salary,0,13.49,normal,0,transfer_burst
scen_0205,2,115102.0,63633.0,51469.0,12164.0,0.8088,514.69,0.0045,63633.0,1,0.0,0.0,payment_service,anonymous_new_account,0.0,51469.0,0.4472,0.0,0.0,0,0.0,0,0.0,57551.0,63633.0,6082.0,1,0,1,2,2,bank,incoming_transfer,incoming_transfer,1,32.76,review,0,rapid_cash_out
scen_0206,7,349354.0,37444.0,311910.0,-274466.0,8.33,1559.56,0.0045,37444.0,1,0.0,37444.0,foreign_bank_kg,regular_sender,0.0,0.0,0.0,0.0,0.0,0,0.0,1,0.1429,49907.71,66847.0,17948.08,1,0,1,2,2,mobile,transfer,card_transfer,0,16.85,normal,0,incoming_series
scen_0207,10,525973.0,30000.0,495973.0,-465973.0,16.5324,2864.97,0.0054,0.0,0,0.0,0.0,none,none,0.0,77022.0,0.1464,0.0,0.0,0,0.0,3,0.3,52597.3,78697.0,21515.91,1,0,1,2,3,mobile,transfer,card_transfer,1,19.96,normal,0,retail
scen_0208,2,105859.0,74248.0,31611.0,42637.0,0.4257,316.11,0.003,74248.0,1,74248.0,0.0,crypto_exchange,anonymous_new_account,0.0,31611.0,0.2986,0.0,0.0,0,0.0,0,0.0,52929.5,74248.0,21318.5,1,0,0,2,2,bank,incoming_transfer,incoming_transfer,1,26.29,review,0,rapid_cash_out
scen_0209,2,40069.0,27197.0,12872.0,14325.0,0.4733,128.72,0.0032,27197.0,1,0.0,27197.0,foreign_bank_kg,regular_sender,0.0,12872.0,0.3212,0.0,0.0,0,0.0,0,0.0,20034.5,27197.0,7162.5,1,0,0,2,2,bank,incoming_transfer,incoming_transfer,1,19.5,normal,0,rapid_cash_out
scen_0210,2,44897.0,30000.0,14897.0,15103.0,0.4966,74.48,0.0017,0.0,0,0.0,0.0,none,none,0.0,0.0,0.0,0.0,0.0,0,0.0,0,0.0,22448.5,30000.0,7551.5,1,0,0,1,2,mobile,salary,salary,0,10.74,normal,0,transfer_burst
scen_0211,2,46368.0,30000.0,16368.0,13632.0,0.5456,81.84,0.0018,0.0,0,0.0,0.0,none,none,0.0,0.0,0.0,0.0,0.0,0,0.0,1,0.5,23184.0,30000.0,6816.0,1,0,0,1,2,mobile,salary,salary,0,16.82,normal,0,transfer_burst
scen_0212,12,510498.0,20000.0,490498.0,-470498.0,24.5249,3517.19,0.0069,0.0,0,0.0,0.0,none,none,0.0,212939.0,0.4171,0.0,0.0,0,0.0,5,0.4167,42541.5,91631.0,24640.21,1,0,0,3,3,mobile,transfer,card_transfer,1,21.34,review,0,retail
scen_0213,2,148059.0,75058.0,73001.0,2057.0,0.9726,730.01,0.0049,75058.0,1,0.0,75058.0,foreign_bank_kg,regular_sender,0.0,73001.0,0.4931,0.0,0.0,0,0.0,0,0.0,74029.5,75058.0,1028.5,1,0,1,2,2,bank,incoming_transfer,incoming_transfer,1,21.9,review,0,rapid_cash_out
scen_0214,2,94763.0,20000.0,74763.0,-54763.0,3.7382,373.82,0.0039,0.0,0,0.0,0.0,none,none,0.0,0.0,0.0,0.0,0.0,0,0.0,0,0.0,47381.5,74763.0,27381.5,1,0,1,1,2,mobile,salary,salary,0,10.74,normal,0,retail
scen_0215,14,564247.0,25000.0,539247.0,-514247.0,21.5699,3962.13,0.007,0.0,0,0.0,0.0,none,none,0.0,253179.0,0.4487,0.0,0.0,0,0.0,2,0.1429,40303.36,72684.0,17034.62,1,0,1,3,3,mobile,transfer,card_transfer,1,18.1,normal,0,retail
scen_0216,11,565274.0,63907.0,501367.0,-437460.0,7.8453,2506.83,0.0044,63907.0,1,0.0,0.0,payment_service,anonymous_new_account,0.0,0.0,0.0,0.0,0.0,0,0.0,5,0.4545,51388.55,78788.0,18840.98,1,0,0,2,2,mobile,transfer,card_transfer,0,21.78,review,0,incoming_series
scen_0217,2,101510.0,30000.0,71510.0,-41510.0,2.3837,357.55,0.0035,0.0,0,0.0,0.0,none,none,0.0,0.0,0.0,0.0,0.0,0,0.0,0,0.0,50755.0,71510.0,20755.0,1,0,1,1,2,mobile,salary,salary,0,13.58,normal,0,retail
scen_0218,2,127812.0,74441.0,53371.0,21070.0,0.717,533.71,0.0042,74441.0,1,74441.0,0.0,crypto_exchange,anonymous_new_account,0.0,53371.0,0.4176,0.0,0.0,0,0.0,0,0.0,63906.0,74441.0,10535.0,1,0,1,2,2,bank,incoming_transfer,incoming_transfer,1,32.39,review,0,rapid_cash_out
scen_0219,2,79960.0,59628.0,20332.0,39296.0,0.341,203.32,0.0025,59628.0,1,0.0,0.0,payment_service,anonymous_new_account,0.0,20332.0,0.2543,0.0,0.0,0,0.0,0,0.0,39980.0,59628.0,19648.0,1,0,0,2,2,bank,incoming_transfer,incoming_transfer,1,28.0,review,0,rapid_cash_out
scen_0220,3,126634.0,51426.0,75208.0,-23782.0,1.4625,376.04,0.003,51426.0,1,0.0,0.0,domestic_bank,anonymous_established_account,0.0,0.0,0.0,0.0,0.0,0,0.0,0,0.0,42211.33,62879.0,21641.14,1,0,0,2,2,mobile,transfer,card_transfer,0,15.55,normal,0,incoming_series
scen_0221,10,497210.0,25000.0,472210.0,-447210.0,18.8884,3470.65,0.007,0.0,0,0.0,0.0,none,none,0.0,221919.0,0.4463,0.0,0.0,0,0.0,5,0.5,49721.0,96136.0,23260.85,1,0,1,3,3,mobile,transfer,card_transfer,1,21.57,review,0,retail
scen_0222,2,153701.0,63636.0,90065.0,-26429.0,1.4153,900.65,0.0059,63636.0,1,0.0,0.0,domestic_bank,anonymous_established_account,0.0,90065.0,0.586,0.0,0.0,0,0.0,0,0.0,76850.5,90065.0,13214.5,1,0,1,2,2,bank,incoming_transfer,incoming_transfer,1,25.68,review,0,rapid_cash_out
scen_0223,8,286385.0,30000.0,256385.0,-226385.0,8.5462,1879.64,0.0066,0.0,0,0.0,0.0,none,none,0.0,119542.0,0.4174,0.0,0.0,0,0.0,4,0.5,35798.12,73298.0,21796.1,1,0,1,3,3,mobile,transfer,card_transfer,1,22.08,review,0,retail
scen_0224,12,570319.0,64099.0,506220.0,-442121.0,7.8975,2531.12,0.0044,64099.0,1,64099.0,0.0,crypto_exchange,regular_sender,0.0,0.0,0.0,0.0,0.0,0,0.0,9,0.75,47526.58,72963.0,14733.2,1,0,1,2,2,mobile,transfer,card_transfer,0,25.92,review,0,incoming_series
scen_0225,2,98515.0,20000.0,78515.0,-58515.0,3.9257,392.58,0.004,0.0,0,0.0,0.0,none,none,0.0,0.0,0.0,0.0,0.0,0,0.0,0,0.0,49257.5,78515.0,29257.5,1,0,1,1,2,mobile,salary,salary,0,13.42,normal,0,transfer_burst
scen_0226,8,357430.0,30000.0,327430.0,-297430.0,10.9143,2457.85,0.0069,0.0,0,0.0,0.0,none,none,0.0,164141.0,0.4592,0.0,0.0,0,0.0,3,0.375,44678.75,94819.0,25039.48,1,0,1,3,3,mobile,transfer,card_transfer,1,19.09,normal,0,retail
scen_0227,2,46157.0,30000.0,16157.0,13843.0,0.5386,80.78,0.0018,0.0,0,0.0,0.0,none,none,0.0,0.0,0.0,0.0,0.0,0,0.0,0,0.0,23078.5,30000.0,6921.5,1,0,0,1,2,mobile,salary,salary,0,10.81,normal,0,transfer_burst
scen_0228,8,417883.0,58200.0,359683.0,-301483.0,6.1801,1798.42,0.0043,58200.0,1,0.0,58200.0,foreign_bank_kg,regular_sender,0.0,0.0,0.0,0.0,0.0,0,0.0,1,0.125,52235.38,77350.0,19057.33,1,0,0,2,2,mobile,transfer,card_transfer,0,15.22,normal,0,incoming_series
scen_0229,2,63425.0,20000.0,43425.0,-23425.0,2.1713,217.12,0.0034,0.0,0,0.0,0.0,none,none,0.0,0.0,0.0,0.0,0.0,0,0.0,0,0.0,31712.5,43425.0,11712.5,1,0,1,1,2,mobile,salary,salary,0,14.17,normal,0,transfer_burst
scen_0230,2,60290.0,30000.0,30290.0,-290.0,1.0097,151.45,0.0025,0.0,0,0.0,0.0,none,none,0.0,0.0,0.0,0.0,0.0,0,0.0,0,0.0,30145.0,30290.0,145.0,1,0,1,1,2,mobile,salary,salary,0,14.02,normal,0,transfer_burst
scen_0231,2,101726.0,16665.0,85061.0,-68396.0,5.1042,850.61,0.0084,16665.0,1,16665.0,0.0,crypto_exchange,anonymous_established_account,0.0,85061.0,0.8362,0.0,0.0,0,0.0,0,0.0,50863.0,85061.0,34198.0,1,0,1,2,2,bank,incoming_transfer,incoming_transfer,1,28.09,review,0,rapid_cash_out
scen_0232,2,54100.0,20000.0,34100.0,-14100.0,1.705,170.5,0.0032,0.0,0,0.0,0.0,none,none,0.0,0.0,0.0,0.0,0.0,0,0.0,1,0.5,27050.0,34100.0,7050.0,1,0,1,1,2,mobile,salary,salary,0,22.2,review,0,transfer_burst
scen_0233,14,703319.0,30000.0,673319.0,-643319.0,22.444,5393.57,0.0077,0.0,0,0.0,0.0,none,none,0.0,405397.0,0.5764,0.0,0.0,0,0.0,2,0.1429,50237.07,97679.0,28455.66,1,0,0,3,3,mobile,cash,cash_withdrawal,1,16.95,normal,0,retail
scen_0234,2,146085.0,65601.0,80484.0,-14883.0,1.2269,804.84,0.0055,65601.0,1,0.0,0.0,domestic_bank,anonymous_new_account,0.0,80484.0,0.5509,0.0,0.0,0,0.0,1,0.5,73042.5,80484.0,7441.5,1,0,1,2,2,bank,incoming_transfer,incoming_transfer,1,33.8,review,0,rapid_cash_out
scen_0235,13,469571.0,25000.0,444571.0,-419571.0,17.7828,2978.49,0.0063,0.0,0,0.0,0.0,none,none,0.0,151131.0,0.3218,0.0,0.0,0,0.0,7,0.5385,36120.85,75907.0,23186.99,1,0,1,3,3,mobile,transfer,card_transfer,1,21.53,review,0,retail
scen_0236,8,326985.0,48663.0,278322.0,-229659.0,5.7194,1391.6,0.0043,48663.0,1,0.0,48663.0,foreign_bank_kg,anonymous_established_account,0.0,0.0,0.0,0.0,0.0,0,0.0,2,0.25,40873.12,61653.0,16645.19,1,0,1,2,2,mobile,transfer,card_transfer,0,18.96,normal,0,incoming_series
scen_0237,12,567428.0,48096.0,519332.0,-471236.0,10.7978,2596.65,0.0046,48096.0,1,0.0,0.0,domestic_bank,anonymous_established_account,0.0,0.0,0.0,0.0,0.0,0,0.0,3,0.25,47285.67,73857.0,16173.34,1,0,0,2,2,mobile,transfer,card_transfer,0,17.9,normal,0,incoming_series
scen_0238,4,220277.0,39035.0,181242.0,-142207.0,4.6431,906.21,0.0041,39035.0,1,0.0,0.0,payment_service,anonymous_established_account,0.0,0.0,0.0,0.0,0.0,0,0.0,0,0.0,55069.25,70666.0,11259.99,1,0,1,2,2,mobile,transfer,card_transfer,0,21.26,review,0,incoming_series
scen_0239,2,98828.0,25000.0,73828.0,-48828.0,2.9531,369.14,0.0037,0.0,0,0.0,0.0,none,none,0.0,0.0,0.0,0.0,0.0,0,0.0,1,0.5,49414.0,73828.0,24414.0,1,0,1,1,2,mobile,salary,salary,0,21.94,review,0,transfer_burst
scen_0240,4,177760.0,30000.0,147760.0,-117760.0,4.9253,1199.46,0.0067,0.0,0,0.0,0.0,none,none,0.0,92132.0,0.5183,0.0,0.0,0,0.0,1,0.25,44440.0,92132.0,28114.59,1,0,1,2,3,mobile,transfer,card_transfer,1,18.69,normal,0,retail
scen_0241,11,499768.0,20000.0,479768.0,-459768.0,23.9884,4091.47,0.0082,0.0,0,0.0,0.0,none,none,0.0,338527.0,0.6774,0.0,0.0,0,0.0,5,0.4545,45433.45,84162.0,22170.88,1,0,1,3,3,atm,cash,cash_withdrawal,1,23.36,review,0,retail
scen_0242,2,57102.0,20000.0,37102.0,-17102.0,1.8551,185.51,0.0032,0.0,0,0.0,0.0,none,none,0.0,0.0,0.0,0.0,0.0,0,0.0,1,0.5,28551.0,37102.0,8551.0,1,0,1,1,2,mobile,salary,salary,0,22.36,review,0,transfer_burst
scen_0243,2,94591.0,25000.0,69591.0,-44591.0,2.7836,347.96,0.0037,0.0,0,0.0,0.0,none,none,0.0,0.0,0.0,0.0,0.0,0,0.0,0,0.0,47295.5,69591.0,22295.5,1,0,1,1,2,mobile,salary,salary,0,13.23,normal,0,transfer_burst
scen_0244,12,651042.0,20000.0,631042.0,-611042.0,31.5521,5632.62,0.0087,0.0,0,0.0,0.0,none,none,0.0,495482.0,0.7611,0.0,0.0,0,0.0,2,0.1667,54253.5,98503.0,22852.53,1,0,1,3,3,branch,cash,cash_withdrawal,1,19.92,normal,0,retail
scen_0245,2,73072.0,31134.0,41938.0,-10804.0,1.347,419.38,0.0057,31134.0,1,0.0,0.0,payment_service,anonymous_new_account,0.0,41938.0,0.5739,0.0,0.0,0,0.0,0,0.0,36536.0,41938.0,5402.0,1,0,1,2,2,bank,incoming_transfer,incoming_transfer,1,33.15,review,0,rapid_cash_out
scen_0246,2,106442.0,77193.0,29249.0,47944.0,0.3789,292.49,0.0027,77193.0,1,0.0,0.0,domestic_bank,regular_sender,0.0,29249.0,0.2748,0.0,0.0,0,0.0,0,0.0,53221.0,77193.0,23972.0,1,0,0,2,2,bank,incoming_transfer,incoming_transfer,1,17.32,normal,0,rapid_cash_out
scen_0247,2,93143.0,30000.0,63143.0,-33143.0,2.1048,315.72,0.0034,0.0,0,0.0,0.0,none,none,0.0,0.0,0.0,0.0,0.0,0,0.0,1,0.5,46571.5,63143.0,16571.5,1,0,1,1,2,mobile,salary,salary,0,21.66,review,0,transfer_burst
scen_0248,13,696108.0,20000.0,676108.0,-656108.0,33.8054,5429.21,0.0078,0.0,0,0.0,0.0,none,none,0.0,409734.0,0.5886,0.0,0.0,0,0.0,5,0.3846,53546.77,99861.0,28978.0,1,0,1,3,3,mobile,cash,cash_withdrawal,1,20.82,review,0,retail
scen_0249,10,521258.0,65769.0,455489.0,-389720.0,6.9256,2277.46,0.0044,65769.0,1,0.0,65769.0,foreign_bank_kg,anonymous_established_account,0.0,0.0,0.0,0.0,0.0,0,0.0,3,0.3,52125.8,78490.0,23136.28,1,0,1,2,2,mobile,transfer,card_transfer,0,18.71,normal,0,incoming_series
scen_0250,2,48970.0,25000.0,23970.0,1030.0,0.9588,119.85,0.0024,0.0,0,0.0,0.0,none,none,0.0,0.0,0.0,0.0,0.0,0,0.0,0,0.0,24485.0,25000.0,515.0,1,0,1,1,2,mobile,salary,salary,0,13.45,normal,0,transfer_burst
scen_0251,12,504877.0,73407.0,431470.0,-358063.0,5.8778,2157.35,0.0043,73407.0,1,73407.0,0.0,crypto_exchange,anonymous_established_account,0.0,0.0,0.0,0.0,0.0,0,0.0,6,0.5,42073.08,73407.0,19491.08,1,0,1,2,2,mobile,transfer,card_transfer,0,21.71,review,0,incoming_series
scen_0252,2,111548.0,67065.0,44483.0,22582.0,0.6633,444.83,0.004,67065.0,1,0.0,0.0,domestic_bank,anonymous_new_account,0.0,44483.0,0.3988,0.0,0.0,0,0.0,0,0.0,55774.0,67065.0,11291.0,1,0,0,2,2,bank,incoming_transfer,incoming_transfer,1,26.58,review,0,rapid_cash_out
scen_0253,11,429904.0,30000.0,399904.0,-369904.0,13.3301,3111.15,0.0072,0.0,0,0.0,0.0,none,none,0.0,222324.0,0.5171,0.0,0.0,0,0.0,5,0.4545,39082.18,77915.0,21910.08,1,0,1,3,3,mobile,transfer,card_transfer,1,22.82,review,0,retail
scen_0254,3,106738.0,25000.0,81738.0,-56738.0,3.2695,817.38,0.0077,0.0,0,0.0,0.0,none,none,0.0,81738.0,0.7658,0.0,0.0,0,0.0,1,0.3333,35579.33,46242.0,8672.21,1,0,1,2,2,atm,cash,cash_withdrawal,1,22.89,review,0,retail
scen_0255,6,290056.0,25000.0,265056.0,-240056.0,10.6022,1816.76,0.0063,0.0,0,0.0,0.0,none,none,0.0,98296.0,0.3389,0.0,0.0,0,0.0,3,0.5,48342.67,73390.0,18922.29,1,0,1,2,3,mobile,transfer,card_transfer,1,21.0,review,0,retail
scen_0256,11,505109.0,56281.0,448828.0,-392547.0,7.9748,2244.14,0.0044,56281.0,1,0.0,0.0,domestic_bank,regular_sender,0.0,0.0,0.0,0.0,0.0,0,0.0,2,0.1818,45919.0,62288.0,9110.2,1,0,1,2,2,mobile,transfer,card_transfer,0,17.05,normal,0,incoming_series
scen_0257,2,79830.0,37102.0,42728.0,-5626.0,1.1516,427.28,0.0054,37102.0,1,0.0,37102.0,foreign_bank_kg,anonymous_new_account,0.0,42728.0,0.5352,0.0,0.0,0,0.0,0,0.0,39915.0,42728.0,2813.0,1,0,1,2,2,bank,incoming_transfer,incoming_transfer,1,29.99,review,0,rapid_cash_out
scen_0258,3,56407.0,30000.0,26407.0,3593.0,0.8802,209.73,0.0037,0.0,0,0.0,0.0,none,none,0.0,15539.0,0.2755,0.0,0.0,0,0.0,1,0.3333,18802.33,30000.0,8144.34,1,0,0,2,3,mobile,salary,salary,1,14.88,normal,0,retail
scen_0259,2,76009.0,30000.0,46009.0,-16009.0,1.5336,230.04,0.003,0.0,0,0.0,0.0,none,none,0.0,0.0,0.0,0.0,0.0,0,0.0,0,0.0,38004.5,46009.0,8004.5,1,0,1,1,2,mobile,salary,salary,0,17.3,normal,0,transfer_burst
scen_0260,2,116105.0,76995.0,39110.0,37885.0,0.508,391.1,0.0034,76995.0,1,76995.0,0.0,crypto_exchange,anonymous_established_account,0.0,39110.0,0.3369,0.0,0.0,0,0.0,0,0.0,58052.5,76995.0,18942.5,1,0,0,2,2,bank,incoming_transfer,incoming_transfer,1,26.8,review,0,rapid_cash_out
scen_0261,9,352203.0,11103.0,341100.0,-329997.0,30.7214,1705.51,0.0048,11103.0,1,0.0,0.0,domestic_bank,regular_sender,0.0,0.0,0.0,0.0,0.0,0,0.0,1,0.1111,39133.67,57395.0,13911.56,1,0,1,2,2,mobile,transfer,card_transfer,0,17.36,normal,0,incoming_series
scen_0262,5,225830.0,46651.0,179179.0,-132528.0,3.8408,895.9,0.004,46651.0,1,0.0,0.0,payment_service,anonymous_new_account,0.0,0.0,0.0,0.0,0.0,0,0.0,1,0.2,45166.0,66651.0,12760.79,1,0,0,2,2,mobile,transfer,card_transfer,0,20.12,review,0,incoming_series
scen_0263,2,62749.0,29601.0,33148.0,-3547.0,1.1198,331.48,0.0053,29601.0,1,0.0,0.0,payment_service,anonymous_new_account,0.0,33148.0,0.5283,0.0,0.0,0,0.0,0,0.0,31374.5,33148.0,1773.5,1,0,1,2,2,bank,incoming_transfer,incoming_transfer,1,32.14,review,0,rapid_cash_out
scen_0264,2,127091.0,77765.0,49326.0,28439.0,0.6343,493.26,0.0039,77765.0,1,77765.0,0.0,crypto_exchange,anonymous_established_account,0.0,49326.0,0.3881,0.0,0.0,0,0.0,1,0.5,63545.5,77765.0,14219.5,1,0,0,2,2,bank,incoming_transfer,incoming_transfer,1,32.86,review,0,rapid_cash_out
scen_0265,8,340695.0,25000.0,315695.0,-290695.0,12.6278,2154.8,0.0063,0.0,0,0.0,0.0,none,none,0.0,115264.0,0.3383,0.0,0.0,0,0.0,2,0.25,42586.88,89374.0,22682.86,1,0,1,3,3,mobile,transfer,card_transfer,1,19.88,normal,0,retail
scen_0266,2,106904.0,30000.0,76904.0,-46904.0,2.5635,384.52,0.0036,0.0,0,0.0,0.0,none,none,0.0,0.0,0.0,0.0,0.0,0,0.0,0,0.0,53452.0,76904.0,23452.0,1,0,1,1,2,mobile,salary,salary,0,16.34,normal,0,transfer_burst
scen_0267,3,188060.0,70784.0,117276.0,-46492.0,1.6568,586.38,0.0031,70784.0,1,0.0,70784.0,foreign_bank_kg,anonymous_new_account,0.0,0.0,0.0,0.0,0.0,0,0.0,0,0.0,62686.67,70784.0,6766.4,1,0,1,2,2,mobile,transfer,card_transfer,0,23.27,review,0,incoming_series
scen_0268,4,260143.0,25000.0,235143.0,-210143.0,9.4057,2126.14,0.0082,0.0,0,0.0,0.0,none,none,0.0,190085.0,0.7307,0.0,0.0,0,0.0,2,0.5,65035.75,95591.0,30835.79,1,0,1,2,3,branch,cash,cash_withdrawal,1,23.0,review,0,retail
scen_0269,14,594808.0,23501.0,571307.0,-547806.0,24.3099,2856.53,0.0048,23501.0,1,0.0,0.0,domestic_bank,anonymous_new_account,0.0,0.0,0.0,0.0,0.0,0,0.0,3,0.2143,42486.29,79041.0,20481.34,1,0,1,2,2,mobile,transfer,card_transfer,0,16.61,normal,0,incoming_series
scen_0270,9,389384.0,73131.0,316253.0,-243122.0,4.3245,1581.26,0.0041,73131.0,1,0.0,73131.0,foreign_bank_kg,anonymous_new_account,0.0,0.0,0.0,0.0,0.0,0,0.0,2,0.2222,43264.89,73131.0,21486.56,1,0,1,2,2,mobile,transfer,card_transfer,0,20.1,review,0,incoming_series
scen_0271,14,658453.0,31400.0,627053.0,-595653.0,19.9698,3135.26,0.0048,31400.0,1,0.0,0.0,payment_service,anonymous_established_account,0.0,0.0,0.0,0.0,0.0,0,0.0,3,0.2143,47032.36,79722.0,20470.84,1,0,1,2,2,mobile,transfer,card_transfer,0,17.85,normal,0,incoming_series
scen_0272,2,59877.0,12900.0,46977.0,-34077.0,3.6416,469.77,0.0078,12900.0,1,0.0,12900.0,foreign_bank_kg,anonymous_new_account,0.0,46977.0,0.7846,0.0,0.0,0,0.0,0,0.0,29938.5,46977.0,17038.5,1,0,1,2,2,bank,incoming_transfer,incoming_transfer,1,29.0,review,0,rapid_cash_out
scen_0273,13,580683.0,70776.0,509907.0,-439131.0,7.2045,2549.56,0.0044,70776.0,1,0.0,0.0,domestic_bank,anonymous_established_account,0.0,0.0,0.0,0.0,0.0,0,0.0,3,0.2308,44667.92,71623.0,22054.88,1,0,0,2,2,mobile,transfer,card_transfer,0,15.24,normal,0,incoming_series
scen_0274,2,91792.0,61003.0,30789.0,30214.0,0.5047,307.89,0.0034,61003.0,1,61003.0,0.0,crypto_exchange,anonymous_established_account,0.0,30789.0,0.3354,0.0,0.0,0,0.0,1,0.5,45896.0,61003.0,15107.0,1,0,0,2,2,bank,incoming_transfer,incoming_transfer,1,34.09,review,0,rapid_cash_out
scen_0275,6,261525.0,30000.0,231525.0,-201525.0,7.7175,2046.07,0.0078,0.0,0,0.0,0.0,none,none,0.0,177689.0,0.6794,0.0,0.0,0,0.0,0,0.0,43587.5,92956.0,24686.19,1,0,1,3,3,atm,cash,cash_withdrawal,1,16.19,normal,0,retail
scen_0276,11,567794.0,20000.0,547794.0,-527794.0,27.3897,3866.68,0.0068,0.0,0,0.0,0.0,none,none,0.0,225543.0,0.3972,0.0,0.0,0,0.0,3,0.2727,51617.64,74237.0,20095.5,1,0,1,3,3,mobile,transfer,card_transfer,1,18.8,normal,0,retail
scen_0277,2,126962.0,55569.0,71393.0,-15824.0,1.2848,713.93,0.0056,55569.0,1,55569.0,0.0,crypto_exchange,regular_sender,0.0,71393.0,0.5623,0.0,0.0,0,0.0,1,0.5,63481.0,71393.0,7912.0,1,0,1,2,2,bank,incoming_transfer,incoming_transfer,1,34.35,review,0,rapid_cash_out
scen_0278,2,128371.0,79617.0,48754.0,30863.0,0.6124,487.54,0.0038,79617.0,1,0.0,79617.0,foreign_bank_kg,anonymous_established_account,0.0,48754.0,0.3798,0.0,0.0,0,0.0,1,0.5,64185.5,79617.0,15431.5,1,0,0,2,2,bank,incoming_transfer,incoming_transfer,1,30.42,review,0,rapid_cash_out
scen_0279,2,96316.0,20000.0,76316.0,-56316.0,3.8158,381.58,0.004,0.0,0,0.0,0.0,none,none,0.0,0.0,0.0,0.0,0.0,0,0.0,0,0.0,48158.0,76316.0,28158.0,1,0,1,1,2,mobile,salary,salary,0,15.82,normal,0,transfer_burst
scen_0280,2,76022.0,57720.0,18302.0,39418.0,0.3171,183.02,0.0024,57720.0,1,0.0,57720.0,foreign_bank_kg,anonymous_established_account,0.0,18302.0,0.2407,0.0,0.0,0,0.0,0,0.0,38011.0,57720.0,19709.0,1,0,0,2,2,bank,incoming_transfer,incoming_transfer,1,21.8,review,0,rapid_cash_out
scen_0281,14,631047.0,24031.0,607016.0,-582985.0,25.2597,3035.07,0.0048,24031.0,1,0.0,0.0,payment_service,anonymous_new_account,0.0,0.0,0.0,0.0,0.0,0,0.0,6,0.4286,45074.79,74409.0,21288.02,1,0,1,2,2,mobile,transfer,card_transfer,0,20.29,review,0,incoming_series
scen_0282,13,668160.0,30000.0,638160.0,-608160.0,21.272,3463.6,0.0052,0.0,0,0.0,0.0,none,none,0.0,54561.0,0.0817,0.0,0.0,0,0.0,8,0.6154,51396.92,70125.0,15887.01,1,0,1,2,3,mobile,transfer,card_transfer,1,21.75,review,0,retail
scen_0283,2,58039.0,20000.0,38039.0,-18039.0,1.902,190.2,0.0033,0.0,0,0.0,0.0,none,none,0.0,0.0,0.0,0.0,0.0,0,0.0,0,0.0,29019.5,38039.0,9019.5,1,0,1,1,2,mobile,salary,salary,0,16.4,normal,0,transfer_burst
scen_0284,2,93654.0,25000.0,68654.0,-43654.0,2.7462,343.27,0.0037,0.0,0,0.0,0.0,none,none,0.0,0.0,0.0,0.0,0.0,0,0.0,0,0.0,46827.0,68654.0,21827.0,1,0,1,1,2,mobile,salary,salary,0,15.68,normal,0,transfer_burst
scen_0285,13,617057.0,30000.0,587057.0,-557057.0,19.5686,4246.13,0.0069,0.0,0,0.0,0.0,none,none,0.0,262170.0,0.4249,0.0,0.0,0,0.0,4,0.3077,47465.92,85527.0,22943.07,1,0,1,3,3,mobile,transfer,card_transfer,1,19.28,normal,0,retail
scen_0286,2,90010.0,30000.0,60010.0,-30010.0,2.0003,300.05,0.0033,0.0,0,0.0,0.0,none,none,0.0,0.0,0.0,0.0,0.0,0,0.0,0,0.0,45005.0,60010.0,15005.0,1,0,1,1,2,mobile,salary,salary,0,13.0,normal,0,transfer_burst
scen_0287,14,703249.0,25000.0,678249.0,-653249.0,27.13,5453.07,0.0078,0.0,0,0.0,0.0,none,none,0.0,412362.0,0.5864,0.0,0.0,0,0.0,3,0.2143,50232.07,88005.0,25191.85,1,0,1,3,3,mobile,cash,cash_withdrawal,1,17.95,normal,0,retail
scen_0288,2,98104.0,78714.0,19390.0,59324.0,0.2463,193.9,0.002,78714.0,1,0.0,78714.0,foreign_bank_kg,anonymous_new_account,0.0,19390.0,0.1976,0.0,0.0,0,0.0,0,0.0,49052.0,78714.0,29662.0,1,0,0,2,2,bank,incoming_transfer,incoming_transfer,1,25.9,review,0,rapid_cash_out
scen_0289,2,51743.0,30000.0,21743.0,8257.0,0.7248,108.72,0.0021,0.0,0,0.0,0.0,none,none,0.0,0.0,0.0,0.0,0.0,0,0.0,0,0.0,25871.5,30000.0,4128.5,1,0,1,1,2,mobile,salary,salary,0,13.58,normal,0,transfer_burst
scen_0290,8,278704.0,32184.0,246520.0,-214336.0,7.6597,1232.59,0.0044,32184.0,1,32184.0,0.0,crypto_exchange,regular_sender,0.0,0.0,0.0,0.0,0.0,0,0.0,2,0.25,34838.0,67961.0,17956.14,1,0,1,2,2,mobile,transfer,card_transfer,0,18.11,normal,0,incoming_series
scen_0291,2,36385.0,11800.0,24585.0,-12785.0,2.0835,245.85,0.0068,11800.0,1,11800.0,0.0,crypto_exchange,regular_sender,0.0,24585.0,0.6757,0.0,0.0,0,0.0,0,0.0,18192.5,24585.0,6392.5,1,0,1,2,2,bank,incoming_transfer,incoming_transfer,1,26.32,review,0,rapid_cash_out
scen_0292,2,115980.0,37395.0,78585.0,-41190.0,2.1015,392.92,0.0034,37395.0,1,0.0,37395.0,foreign_bank_kg,anonymous_new_account,0.0,0.0,0.0,0.0,0.0,0,0.0,0,0.0,57990.0,78585.0,20595.0,1,0,1,2,2,bank,incoming_transfer,incoming_transfer,0,30.3,review,0,incoming_series
scen_0293,11,501077.0,16957.0,484120.0,-467163.0,28.5499,2420.6,0.0048,16957.0,1,0.0,0.0,payment_service,regular_sender,0.0,0.0,0.0,0.0,0.0,0,0.0,4,0.3636,45552.45,79672.0,24040.34,1,0,0,2,2,mobile,transfer,card_transfer,0,18.01,normal,0,incoming_series
scen_0294,2,88437.0,75621.0,12816.0,62805.0,0.1695,128.16,0.0014,75621.0,1,0.0,0.0,payment_service,regular_sender,0.0,12816.0,0.1449,0.0,0.0,0,0.0,0,0.0,44218.5,75621.0,31402.5,1,0,0,2,2,bank,incoming_transfer,incoming_transfer,1,19.92,normal,0,rapid_cash_out
scen_0295,2,86563.0,25000.0,61563.0,-36563.0,2.4625,307.82,0.0036,0.0,0,0.0,0.0,none,none,0.0,0.0,0.0,0.0,0.0,0,0.0,1,0.5,43281.5,61563.0,18281.5,1,0,1,1,2,mobile,salary,salary,0,21.33,review,0,transfer_burst
scen_0296,2,147403.0,55453.0,91950.0,-36497.0,1.6582,919.5,0.0062,55453.0,1,55453.0,0.0,crypto_exchange,anonymous_established_account,0.0,91950.0,0.6238,0.0,0.0,0,0.0,0,0.0,73701.5,91950.0,18248.5,1,0,1,2,2,bank,incoming_transfer,incoming_transfer,1,30.38,review,0,rapid_cash_out
scen_0297,2,63774.0,20000.0,43774.0,-23774.0,2.1887,218.87,0.0034,0.0,0,0.0,0.0,none,none,0.0,0.0,0.0,0.0,0.0,0,0.0,0,0.0,31887.0,43774.0,11887.0,1,0,1,1,2,mobile,salary,salary,0,16.69,normal,0,transfer_burst
scen_0298,10,541898.0,25000.0,516898.0,-491898.0,20.6759,4068.23,0.0075,0.0,0,0.0,0.0,none,none,0.0,296751.0,0.5476,0.0,0.0,0,0.0,4,0.4,54189.8,95520.0,22390.07,1,0,1,2,3,mobile,transfer,card_transfer,1,23.12,review,0,retail
scen_0299,2,70516.0,18888.0,51628.0,-32740.0,2.7334,516.28,0.0073,18888.0,1,0.0,0.0,domestic_bank,anonymous_new_account,0.0,51628.0,0.7321,0.0,0.0,0,0.0,1,0.5,35258.0,51628.0,16370.0,1,0,1,2,2,bank,incoming_transfer,incoming_transfer,1,38.02,suspicious,1,rapid_cash_out
scen_0300,14,777154.0,30000.0,747154.0,-717154.0,24.9051,5906.83,0.0076,0.0,0,0.0,0.0,none,none,0.0,434212.0,0.5587,0.0,0.0,0,0.0,4,0.2857,55511.0,95140.0,23970.86,1,0,1,3,3,mobile,cash,cash_withdrawal,1,19.05,normal,0,retail
